adm_cd,adm_nm,std_ymd,m_pop,fm_pop
1156000000,서울특별시 서울특별시 영등포구 ,202301,"184,840","191,301"
1156051500,서울특별시 영등포구 영등포본동,202301,"10,762","10,233"
1156053500,서울특별시 영등포구 영등포동,202301,"15,409","14,487"
1156054000,서울특별시 영등포구 여의동,202301,"15,248","17,255"
1156055000,서울특별시 영등포구 당산제1동,202301,"10,088","10,643"
1156056000,서울특별시 영등포구 당산제2동,202301,"17,156","19,559"
1156058500,서울특별시 영등포구 도림동,202301,"8,935","8,766"
1156060500,서울특별시 영등포구 문래동,202301,"15,755","16,529"
1156061000,서울특별시 영등포구 양평제1동,202301,"8,889","9,451"
1156062000,서울특별시 영등포구 양평제2동,202301,"10,908","11,467"
1156063000,서울특별시 영등포구 신길제1동,202301,"9,735","9,489"
1156065000,서울특별시 영등포구 신길제3동,202301,"8,055","8,267"
1156066000,서울특별시 영등포구 신길제4동,202301,"6,098","6,197"
1156067000,서울특별시 영등포구 신길제5동,202301,"4,944","5,264"
1156068000,서울특별시 영등포구 신길제6동,202301,"9,218","9,622"
1156069000,서울특별시 영등포구 신길제7동,202301,"9,822","9,914"
1156070000,서울특별시 영등포구 대림제1동,202301,"7,024","7,105"
1156071000,서울특별시 영등포구 대림제2동,202301,"5,885","6,093"
1156072000,서울특별시 영등포구 대림제3동,202301,"10,909","10,960"
1156000000,서울특별시 서울특별시 영등포구 ,202302,"184,956","191,454"
1156051500,서울특별시 영등포구 영등포본동,202302,"10,746","10,195"
1156053500,서울특별시 영등포구 영등포동,202302,"15,476","14,594"
1156054000,서울특별시 영등포구 여의동,202302,"15,251","17,232"
1156055000,서울특별시 영등포구 당산제1동,202302,"10,077","10,678"
1156056000,서울특별시 영등포구 당산제2동,202302,"17,186","19,552"
1156058500,서울특별시 영등포구 도림동,202302,"8,947","8,766"
1156060500,서울특별시 영등포구 문래동,202302,"15,752","16,524"
1156061000,서울특별시 영등포구 양평제1동,202302,"8,881","9,464"
1156062000,서울특별시 영등포구 양평제2동,202302,"10,917","11,469"
1156063000,서울특별시 영등포구 신길제1동,202302,"9,770","9,557"
1156065000,서울특별시 영등포구 신길제3동,202302,"8,047","8,275"
1156066000,서울특별시 영등포구 신길제4동,202302,"6,113","6,222"
1156067000,서울특별시 영등포구 신길제5동,202302,"4,933","5,253"
1156068000,서울특별시 영등포구 신길제6동,202302,"9,192","9,632"
1156069000,서울특별시 영등포구 신길제7동,202302,"9,867","9,937"
1156070000,서울특별시 영등포구 대림제1동,202302,"6,993","7,060"
1156071000,서울특별시 영등포구 대림제2동,202302,"5,893","6,080"
1156072000,서울특별시 영등포구 대림제3동,202302,"10,915","10,964"
1156000000,서울특별시 서울특별시 영등포구 ,202303,"184,973","191,641"
1156051500,서울특별시 영등포구 영등포본동,202303,"10,759","10,198"
1156053500,서울특별시 영등포구 영등포동,202303,"15,527","14,684"
1156054000,서울특별시 영등포구 여의동,202303,"15,257","17,237"
1156055000,서울특별시 영등포구 당산제1동,202303,"10,108","10,705"
1156056000,서울특별시 영등포구 당산제2동,202303,"17,178","19,592"
1156058500,서울특별시 영등포구 도림동,202303,"8,948","8,765"
1156060500,서울특별시 영등포구 문래동,202303,"15,742","16,523"
1156061000,서울특별시 영등포구 양평제1동,202303,"8,875","9,469"
1156062000,서울특별시 영등포구 양평제2동,202303,"10,904","11,510"
1156063000,서울특별시 영등포구 신길제1동,202303,"9,812","9,596"
1156065000,서울특별시 영등포구 신길제3동,202303,"8,030","8,267"
1156066000,서울특별시 영등포구 신길제4동,202303,"6,105","6,227"
1156067000,서울특별시 영등포구 신길제5동,202303,"4,919","5,254"
1156068000,서울특별시 영등포구 신길제6동,202303,"9,176","9,598"
1156069000,서울특별시 영등포구 신길제7동,202303,"9,862","9,923"
1156070000,서울특별시 영등포구 대림제1동,202303,"6,972","7,060"
1156071000,서울특별시 영등포구 대림제2동,202303,"5,869","6,073"
1156072000,서울특별시 영등포구 대림제3동,202303,"10,930","10,960"
1156000000,서울특별시 서울특별시 영등포구 ,202304,"184,827","191,596"
1156051500,서울특별시 영등포구 영등포본동,202304,"10,740","10,182"
1156053500,서울특별시 영등포구 영등포동,202304,"15,552","14,741"
1156054000,서울특별시 영등포구 여의동,202304,"15,258","17,242"
1156055000,서울특별시 영등포구 당산제1동,202304,"10,110","10,716"
1156056000,서울특별시 영등포구 당산제2동,202304,"17,165","19,580"
1156058500,서울특별시 영등포구 도림동,202304,"8,937","8,789"
1156060500,서울특별시 영등포구 문래동,202304,"15,706","16,496"
1156061000,서울특별시 영등포구 양평제1동,202304,"8,858","9,441"
1156062000,서울특별시 영등포구 양평제2동,202304,"10,910","11,541"
1156063000,서울특별시 영등포구 신길제1동,202304,"9,817","9,609"
1156065000,서울특별시 영등포구 신길제3동,202304,"8,019","8,253"
1156066000,서울특별시 영등포구 신길제4동,202304,"6,110","6,224"
1156067000,서울특별시 영등포구 신길제5동,202304,"4,929","5,243"
1156068000,서울특별시 영등포구 신길제6동,202304,"9,091","9,544"
1156069000,서울특별시 영등포구 신길제7동,202304,"9,880","9,928"
1156070000,서울특별시 영등포구 대림제1동,202304,"6,984","7,046"
1156071000,서울특별시 영등포구 대림제2동,202304,"5,847","6,075"
1156072000,서울특별시 영등포구 대림제3동,202304,"10,914","10,946"
1156000000,서울특별시 서울특별시 영등포구 ,202305,"184,761","191,586"
1156051500,서울특별시 영등포구 영등포본동,202305,"10,741","10,195"
1156053500,서울특별시 영등포구 영등포동,202305,"15,593","14,759"
1156054000,서울특별시 영등포구 여의동,202305,"15,293","17,299"
1156055000,서울특별시 영등포구 당산제1동,202305,"10,103","10,734"
1156056000,서울특별시 영등포구 당산제2동,202305,"17,158","19,608"
1156058500,서울특별시 영등포구 도림동,202305,"8,944","8,766"
1156060500,서울특별시 영등포구 문래동,202305,"15,687","16,506"
1156061000,서울특별시 영등포구 양평제1동,202305,"8,851","9,435"
1156062000,서울특별시 영등포구 양평제2동,202305,"10,938","11,561"
1156063000,서울특별시 영등포구 신길제1동,202305,"9,801","9,613"
1156065000,서울특별시 영등포구 신길제3동,202305,"8,005","8,261"
1156066000,서울특별시 영등포구 신길제4동,202305,"6,113","6,228"
1156067000,서울특별시 영등포구 신길제5동,202305,"4,916","5,235"
1156068000,서울특별시 영등포구 신길제6동,202305,"8,999","9,447"
1156069000,서울특별시 영등포구 신길제7동,202305,"9,874","9,918"
1156070000,서울특별시 영등포구 대림제1동,202305,"6,973","7,031"
1156071000,서울특별시 영등포구 대림제2동,202305,"5,867","6,077"
1156072000,서울특별시 영등포구 대림제3동,202305,"10,905","10,913"
1156000000,서울특별시 서울특별시 영등포구 ,202306,"184,615","191,524"
1156051500,서울특별시 영등포구 영등포본동,202306,"10,755","10,188"
1156053500,서울특별시 영등포구 영등포동,202306,"15,633","14,763"
1156054000,서울특별시 영등포구 여의동,202306,"15,290","17,305"
1156055000,서울특별시 영등포구 당산제1동,202306,"10,126","10,793"
1156056000,서울특별시 영등포구 당산제2동,202306,"17,157","19,613"
1156058500,서울특별시 영등포구 도림동,202306,"8,951","8,758"
1156060500,서울특별시 영등포구 문래동,202306,"15,668","16,491"
1156061000,서울특별시 영등포구 양평제1동,202306,"8,815","9,422"
1156062000,서울특별시 영등포구 양평제2동,202306,"10,923","11,573"
1156063000,서울특별시 영등포구 신길제1동,202306,"9,795","9,603"
1156065000,서울특별시 영등포구 신길제3동,202306,"7,996","8,255"
1156066000,서울특별시 영등포구 신길제4동,202306,"6,119","6,227"
1156067000,서울특별시 영등포구 신길제5동,202306,"4,889","5,223"
1156068000,서울특별시 영등포구 신길제6동,202306,"8,890","9,345"
1156069000,서울특별시 영등포구 신길제7동,202306,"9,893","9,955"
1156070000,서울특별시 영등포구 대림제1동,202306,"6,971","7,022"
1156071000,서울특별시 영등포구 대림제2동,202306,"5,870","6,088"
1156072000,서울특별시 영등포구 대림제3동,202306,"10,874","10,900"
1156000000,서울특별시 서울특별시 영등포구 ,202307,"184,522","191,475"
1156051500,서울특별시 영등포구 영등포본동,202307,"10,732","10,176"
1156053500,서울특별시 영등포구 영등포동,202307,"15,625","14,802"
1156054000,서울특별시 영등포구 여의동,202307,"15,325","17,349"
1156055000,서울특별시 영등포구 당산제1동,202307,"10,131","10,794"
1156056000,서울특별시 영등포구 당산제2동,202307,"17,146","19,633"
1156058500,서울특별시 영등포구 도림동,202307,"8,967","8,745"
1156060500,서울특별시 영등포구 문래동,202307,"15,707","16,513"
1156061000,서울특별시 영등포구 양평제1동,202307,"8,782","9,413"
1156062000,서울특별시 영등포구 양평제2동,202307,"10,937","11,583"
1156063000,서울특별시 영등포구 신길제1동,202307,"9,803","9,594"
1156065000,서울특별시 영등포구 신길제3동,202307,"7,996","8,233"
1156066000,서울특별시 영등포구 신길제4동,202307,"6,123","6,231"
1156067000,서울특별시 영등포구 신길제5동,202307,"4,880","5,212"
1156068000,서울특별시 영등포구 신길제6동,202307,"8,783","9,266"
1156069000,서울특별시 영등포구 신길제7동,202307,"9,902","9,983"
1156070000,서울특별시 영등포구 대림제1동,202307,"6,958","7,003"
1156071000,서울특별시 영등포구 대림제2동,202307,"5,871","6,077"
1156072000,서울특별시 영등포구 대림제3동,202307,"10,854","10,868"
1156000000,서울특별시 서울특별시 영등포구 ,202308,"184,189","191,337"
1156051500,서울특별시 영등포구 영등포본동,202308,"10,743","10,208"
1156053500,서울특별시 영등포구 영등포동,202308,"15,632","14,786"
1156054000,서울특별시 영등포구 여의동,202308,"15,357","17,363"
1156055000,서울특별시 영등포구 당산제1동,202308,"10,143","10,834"
1156056000,서울특별시 영등포구 당산제2동,202308,"17,113","19,630"
1156058500,서울특별시 영등포구 도림동,202308,"8,918","8,720"
1156060500,서울특별시 영등포구 문래동,202308,"15,693","16,504"
1156061000,서울특별시 영등포구 양평제1동,202308,"8,747","9,428"
1156062000,서울특별시 영등포구 양평제2동,202308,"10,932","11,567"
1156063000,서울특별시 영등포구 신길제1동,202308,"9,782","9,589"
1156065000,서울특별시 영등포구 신길제3동,202308,"7,988","8,223"
1156066000,서울특별시 영등포구 신길제4동,202308,"6,084","6,189"
1156067000,서울특별시 영등포구 신길제5동,202308,"4,877","5,212"
1156068000,서울특별시 영등포구 신길제6동,202308,"8,712","9,216"
1156069000,서울특별시 영등포구 신길제7동,202308,"9,882","9,968"
1156070000,서울특별시 영등포구 대림제1동,202308,"6,916","6,979"
1156071000,서울특별시 영등포구 대림제2동,202308,"5,842","6,055"
1156072000,서울특별시 영등포구 대림제3동,202308,"10,828","10,866"
1156000000,서울특별시 서울특별시 영등포구 ,202309,"184,175","191,411"
1156051500,서울특별시 영등포구 영등포본동,202309,"10,717","10,226"
1156053500,서울특별시 영등포구 영등포동,202309,"15,671","14,827"
1156054000,서울특별시 영등포구 여의동,202309,"15,431","17,474"
1156055000,서울특별시 영등포구 당산제1동,202309,"10,128","10,844"
1156056000,서울특별시 영등포구 당산제2동,202309,"17,138","19,654"
1156058500,서울특별시 영등포구 도림동,202309,"8,914","8,704"
1156060500,서울특별시 영등포구 문래동,202309,"15,660","16,498"
1156061000,서울특별시 영등포구 양평제1동,202309,"8,764","9,440"
1156062000,서울특별시 영등포구 양평제2동,202309,"10,949","11,569"
1156063000,서울특별시 영등포구 신길제1동,202309,"9,763","9,558"
1156065000,서울특별시 영등포구 신길제3동,202309,"7,944","8,197"
1156066000,서울특별시 영등포구 신길제4동,202309,"6,069","6,195"
1156067000,서울특별시 영등포구 신길제5동,202309,"4,878","5,186"
1156068000,서울특별시 영등포구 신길제6동,202309,"8,692","9,172"
1156069000,서울특별시 영등포구 신길제7동,202309,"9,886","9,974"
1156070000,서울특별시 영등포구 대림제1동,202309,"6,908","6,962"
1156071000,서울특별시 영등포구 대림제2동,202309,"5,835","6,070"
1156072000,서울특별시 영등포구 대림제3동,202309,"10,828","10,861"
1156000000,서울특별시 서울특별시 영등포구 ,202310,"184,010","191,266"
1156051500,서울특별시 영등포구 영등포본동,202310,"10,686","10,214"
1156053500,서울특별시 영등포구 영등포동,202310,"15,679","14,877"
1156054000,서울특별시 영등포구 여의동,202310,"15,519","17,545"
1156055000,서울특별시 영등포구 당산제1동,202310,"10,127","10,876"
1156056000,서울특별시 영등포구 당산제2동,202310,"17,125","19,617"
1156058500,서울특별시 영등포구 도림동,202310,"8,902","8,681"
1156060500,서울특별시 영등포구 문래동,202310,"15,659","16,487"
1156061000,서울특별시 영등포구 양평제1동,202310,"8,754","9,431"
1156062000,서울특별시 영등포구 양평제2동,202310,"10,954","11,540"
1156063000,서울특별시 영등포구 신길제1동,202310,"9,757","9,561"
1156065000,서울특별시 영등포구 신길제3동,202310,"7,915","8,167"
1156066000,서울특별시 영등포구 신길제4동,202310,"6,068","6,181"
1156067000,서울특별시 영등포구 신길제5동,202310,"4,844","5,161"
1156068000,서울특별시 영등포구 신길제6동,202310,"8,673","9,147"
1156069000,서울특별시 영등포구 신길제7동,202310,"9,868","9,970"
1156070000,서울특별시 영등포구 대림제1동,202310,"6,879","6,936"
1156071000,서울특별시 영등포구 대림제2동,202310,"5,811","6,043"
1156072000,서울특별시 영등포구 대림제3동,202310,"10,790","10,832"
1156000000,서울특별시 서울특별시 영등포구 ,202311,"183,803","191,117"
1156051500,서울특별시 영등포구 영등포본동,202311,"10,632","10,188"
1156053500,서울특별시 영등포구 영등포동,202311,"15,665","14,900"
1156054000,서울특별시 영등포구 여의동,202311,"15,563","17,612"
1156055000,서울특별시 영등포구 당산제1동,202311,"10,120","10,868"
1156056000,서울특별시 영등포구 당산제2동,202311,"17,129","19,593"
1156058500,서울특별시 영등포구 도림동,202311,"8,896","8,660"
1156060500,서울특별시 영등포구 문래동,202311,"15,638","16,473"
1156061000,서울특별시 영등포구 양평제1동,202311,"8,733","9,435"
1156062000,서울특별시 영등포구 양평제2동,202311,"10,973","11,542"
1156063000,서울특별시 영등포구 신길제1동,202311,"9,769","9,559"
1156065000,서울특별시 영등포구 신길제3동,202311,"7,876","8,132"
1156066000,서울특별시 영등포구 신길제4동,202311,"6,057","6,169"
1156067000,서울특별시 영등포구 신길제5동,202311,"4,823","5,143"
1156068000,서울특별시 영등포구 신길제6동,202311,"8,655","9,114"
1156069000,서울특별시 영등포구 신길제7동,202311,"9,864","9,992"
1156070000,서울특별시 영등포구 대림제1동,202311,"6,850","6,911"
1156071000,서울특별시 영등포구 대림제2동,202311,"5,780","6,003"
1156072000,서울특별시 영등포구 대림제3동,202311,"10,780","10,823"
1156000000,서울특별시 서울특별시 영등포구 ,202312,"183,726","191,068"
1156051500,서울특별시 영등포구 영등포본동,202312,"10,617","10,175"
1156053500,서울특별시 영등포구 영등포동,202312,"15,639","14,918"
1156054000,서울특별시 영등포구 여의동,202312,"15,646","17,704"
1156055000,서울특별시 영등포구 당산제1동,202312,"10,133","10,883"
1156056000,서울특별시 영등포구 당산제2동,202312,"17,116","19,571"
1156058500,서울특별시 영등포구 도림동,202312,"8,909","8,670"
1156060500,서울특별시 영등포구 문래동,202312,"15,627","16,487"
1156061000,서울특별시 영등포구 양평제1동,202312,"8,722","9,424"
1156062000,서울특별시 영등포구 양평제2동,202312,"11,006","11,527"
1156063000,서울특별시 영등포구 신길제1동,202312,"9,787","9,535"
1156065000,서울특별시 영등포구 신길제3동,202312,"7,873","8,125"
1156066000,서울특별시 영등포구 신길제4동,202312,"6,040","6,146"
1156067000,서울특별시 영등포구 신길제5동,202312,"4,804","5,140"
1156068000,서울특별시 영등포구 신길제6동,202312,"8,633","9,089"
1156069000,서울특별시 영등포구 신길제7동,202312,"9,843","9,959"
1156070000,서울특별시 영등포구 대림제1동,202312,"6,819","6,912"
1156071000,서울특별시 영등포구 대림제2동,202312,"5,750","6,006"
1156072000,서울특별시 영등포구 대림제3동,202312,"10,762","10,797"
1156000000,서울특별시 서울특별시 영등포구 ,202201,"185,964","190,985"
1156051500,서울특별시 영등포구 영등포본동,202201,"10,899","10,363"
1156053500,서울특별시 영등포구 영등포동,202201,"15,324","13,928"
1156054000,서울특별시 영등포구 여의동,202201,"15,470","17,509"
1156055000,서울특별시 영등포구 당산제1동,202201,"9,978","10,382"
1156056000,서울특별시 영등포구 당산제2동,202201,"17,609","19,935"
1156058500,서울특별시 영등포구 도림동,202201,"8,950","8,777"
1156060500,서울특별시 영등포구 문래동,202201,"15,996","16,668"
1156061000,서울특별시 영등포구 양평제1동,202201,"8,902","9,384"
1156062000,서울특별시 영등포구 양평제2동,202201,"10,935","11,335"
1156063000,서울특별시 영등포구 신길제1동,202201,"8,838","8,507"
1156065000,서울특별시 영등포구 신길제3동,202201,"8,210","8,387"
1156066000,서울특별시 영등포구 신길제4동,202201,"6,144","6,187"
1156067000,서울특별시 영등포구 신길제5동,202201,"5,153","5,421"
1156068000,서울특별시 영등포구 신길제6동,202201,"9,296","9,728"
1156069000,서울특별시 영등포구 신길제7동,202201,"9,986","10,035"
1156070000,서울특별시 영등포구 대림제1동,202201,"7,229","7,278"
1156071000,서울특별시 영등포구 대림제2동,202201,"5,895","6,045"
1156072000,서울특별시 영등포구 대림제3동,202201,"11,150","11,116"
1156000000,서울특별시 서울특별시 영등포구 ,202202,"185,824","191,060"
1156051500,서울특별시 영등포구 영등포본동,202202,"10,868","10,362"
1156053500,서울특별시 영등포구 영등포동,202202,"15,294","13,989"
1156054000,서울특별시 영등포구 여의동,202202,"15,460","17,507"
1156055000,서울특별시 영등포구 당산제1동,202202,"9,963","10,381"
1156056000,서울특별시 영등포구 당산제2동,202202,"17,612","19,959"
1156058500,서울특별시 영등포구 도림동,202202,"8,961","8,809"
1156060500,서울특별시 영등포구 문래동,202202,"15,938","16,644"
1156061000,서울특별시 영등포구 양평제1동,202202,"8,955","9,410"
1156062000,서울특별시 영등포구 양평제2동,202202,"10,914","11,345"
1156063000,서울특별시 영등포구 신길제1동,202202,"8,840","8,504"
1156065000,서울특별시 영등포구 신길제3동,202202,"8,210","8,405"
1156066000,서울특별시 영등포구 신길제4동,202202,"6,167","6,210"
1156067000,서울특별시 영등포구 신길제5동,202202,"5,128","5,397"
1156068000,서울특별시 영등포구 신길제6동,202202,"9,323","9,735"
1156069000,서울특별시 영등포구 신길제7동,202202,"9,949","9,984"
1156070000,서울특별시 영등포구 대림제1동,202202,"7,225","7,266"
1156071000,서울특별시 영등포구 대림제2동,202202,"5,891","6,057"
1156072000,서울특별시 영등포구 대림제3동,202202,"11,126","11,096"
1156000000,서울특별시 서울특별시 영등포구 ,202203,"185,696","191,044"
1156051500,서울특별시 영등포구 영등포본동,202203,"10,881","10,358"
1156053500,서울특별시 영등포구 영등포동,202203,"15,302","14,121"
1156054000,서울특별시 영등포구 여의동,202203,"15,414","17,443"
1156055000,서울특별시 영등포구 당산제1동,202203,"9,977","10,405"
1156056000,서울특별시 영등포구 당산제2동,202203,"17,626","19,967"
1156058500,서울특별시 영등포구 도림동,202203,"8,980","8,809"
1156060500,서울특별시 영등포구 문래동,202203,"15,928","16,608"
1156061000,서울특별시 영등포구 양평제1동,202203,"8,945","9,394"
1156062000,서울특별시 영등포구 양평제2동,202203,"10,893","11,350"
1156063000,서울특별시 영등포구 신길제1동,202203,"8,864","8,512"
1156065000,서울특별시 영등포구 신길제3동,202203,"8,181","8,378"
1156066000,서울특별시 영등포구 신길제4동,202203,"6,164","6,202"
1156067000,서울특별시 영등포구 신길제5동,202203,"5,103","5,354"
1156068000,서울특별시 영등포구 신길제6동,202203,"9,321","9,735"
1156069000,서울특별시 영등포구 신길제7동,202203,"9,933","10,000"
1156070000,서울특별시 영등포구 대림제1동,202203,"7,189","7,244"
1156071000,서울특별시 영등포구 대림제2동,202203,"5,881","6,049"
1156072000,서울특별시 영등포구 대림제3동,202203,"11,114","11,115"
1156000000,서울특별시 서울특별시 영등포구 ,202204,"185,520","190,945"
1156051500,서울특별시 영등포구 영등포본동,202204,"10,864","10,349"
1156053500,서울특별시 영등포구 영등포동,202204,"15,302","14,128"
1156054000,서울특별시 영등포구 여의동,202204,"15,402","17,438"
1156055000,서울특별시 영등포구 당산제1동,202204,"9,966","10,397"
1156056000,서울특별시 영등포구 당산제2동,202204,"17,651","19,968"
1156058500,서울특별시 영등포구 도림동,202204,"9,003","8,834"
1156060500,서울특별시 영등포구 문래동,202204,"15,895","16,596"
1156061000,서울특별시 영등포구 양평제1동,202204,"8,942","9,408"
1156062000,서울특별시 영등포구 양평제2동,202204,"10,889","11,373"
1156063000,서울특별시 영등포구 신길제1동,202204,"8,840","8,490"
1156065000,서울특별시 영등포구 신길제3동,202204,"8,165","8,343"
1156066000,서울특별시 영등포구 신길제4동,202204,"6,156","6,193"
1156067000,서울특별시 영등포구 신길제5동,202204,"5,071","5,351"
1156068000,서울특별시 영등포구 신길제6동,202204,"9,306","9,742"
1156069000,서울특별시 영등포구 신길제7동,202204,"9,936","9,987"
1156070000,서울특별시 영등포구 대림제1동,202204,"7,168","7,208"
1156071000,서울특별시 영등포구 대림제2동,202204,"5,880","6,049"
1156072000,서울특별시 영등포구 대림제3동,202204,"11,084","11,091"
1156000000,서울특별시 서울특별시 영등포구 ,202205,"185,354","190,936"
1156051500,서울특별시 영등포구 영등포본동,202205,"10,868","10,352"
1156053500,서울특별시 영등포구 영등포동,202205,"15,265","14,141"
1156054000,서울특별시 영등포구 여의동,202205,"15,363","17,405"
1156055000,서울특별시 영등포구 당산제1동,202205,"9,970","10,411"
1156056000,서울특별시 영등포구 당산제2동,202205,"17,608","19,956"
1156058500,서울특별시 영등포구 도림동,202205,"8,990","8,842"
1156060500,서울특별시 영등포구 문래동,202205,"15,890","16,613"
1156061000,서울특별시 영등포구 양평제1동,202205,"8,958","9,396"
1156062000,서울특별시 영등포구 양평제2동,202205,"10,889","11,370"
1156063000,서울특별시 영등포구 신길제1동,202205,"8,848","8,495"
1156065000,서울특별시 영등포구 신길제3동,202205,"8,162","8,347"
1156066000,서울특별시 영등포구 신길제4동,202205,"6,147","6,194"
1156067000,서울특별시 영등포구 신길제5동,202205,"5,067","5,359"
1156068000,서울특별시 영등포구 신길제6동,202205,"9,319","9,735"
1156069000,서울특별시 영등포구 신길제7동,202205,"9,950","9,983"
1156070000,서울특별시 영등포구 대림제1동,202205,"7,115","7,187"
1156071000,서울특별시 영등포구 대림제2동,202205,"5,864","6,049"
1156072000,서울특별시 영등포구 대림제3동,202205,"11,081","11,101"
1156000000,서울특별시 서울특별시 영등포구 ,202206,"185,460","190,977"
1156051500,서울특별시 영등포구 영등포본동,202206,"10,877","10,347"
1156053500,서울특별시 영등포구 영등포동,202206,"15,317","14,164"
1156054000,서울특별시 영등포구 여의동,202206,"15,362","17,384"
1156055000,서울특별시 영등포구 당산제1동,202206,"9,943","10,424"
1156056000,서울특별시 영등포구 당산제2동,202206,"17,593","19,921"
1156058500,서울특별시 영등포구 도림동,202206,"8,995","8,827"
1156060500,서울특별시 영등포구 문래동,202206,"15,895","16,619"
1156061000,서울특별시 영등포구 양평제1동,202206,"8,981","9,397"
1156062000,서울특별시 영등포구 양평제2동,202206,"10,924","11,398"
1156063000,서울특별시 영등포구 신길제1동,202206,"8,863","8,512"
1156065000,서울특별시 영등포구 신길제3동,202206,"8,154","8,326"
1156066000,서울특별시 영등포구 신길제4동,202206,"6,155","6,225"
1156067000,서울특별시 영등포구 신길제5동,202206,"5,070","5,343"
1156068000,서울특별시 영등포구 신길제6동,202206,"9,342","9,757"
1156069000,서울특별시 영등포구 신길제7동,202206,"9,960","9,988"
1156070000,서울특별시 영등포구 대림제1동,202206,"7,102","7,204"
1156071000,서울특별시 영등포구 대림제2동,202206,"5,853","6,031"
1156072000,서울특별시 영등포구 대림제3동,202206,"11,074","11,110"
1156000000,서울특별시 서울특별시 영등포구 ,202207,"185,518","191,143"
1156051500,서울특별시 영등포구 영등포본동,202207,"10,873","10,340"
1156053500,서울특별시 영등포구 영등포동,202207,"15,344","14,224"
1156054000,서울특별시 영등포구 여의동,202207,"15,361","17,367"
1156055000,서울특별시 영등포구 당산제1동,202207,"9,962","10,455"
1156056000,서울특별시 영등포구 당산제2동,202207,"17,598","19,959"
1156058500,서울특별시 영등포구 도림동,202207,"9,009","8,814"
1156060500,서울특별시 영등포구 문래동,202207,"15,873","16,613"
1156061000,서울특별시 영등포구 양평제1동,202207,"8,981","9,418"
1156062000,서울특별시 영등포구 양평제2동,202207,"10,957","11,419"
1156063000,서울특별시 영등포구 신길제1동,202207,"8,844","8,575"
1156065000,서울특별시 영등포구 신길제3동,202207,"8,145","8,348"
1156066000,서울특별시 영등포구 신길제4동,202207,"6,148","6,226"
1156067000,서울특별시 영등포구 신길제5동,202207,"5,060","5,317"
1156068000,서울특별시 영등포구 신길제6동,202207,"9,354","9,745"
1156069000,서울특별시 영등포구 신길제7동,202207,"9,981","9,996"
1156070000,서울특별시 영등포구 대림제1동,202207,"7,108","7,203"
1156071000,서울특별시 영등포구 대림제2동,202207,"5,862","6,027"
1156072000,서울특별시 영등포구 대림제3동,202207,"11,058","11,097"
1156000000,서울특별시 서울특별시 영등포구 ,202208,"185,754","191,541"
1156051500,서울특별시 영등포구 영등포본동,202208,"10,886","10,341"
1156053500,서울특별시 영등포구 영등포동,202208,"15,391","14,282"
1156054000,서울특별시 영등포구 여의동,202208,"15,390","17,386"
1156055000,서울특별시 영등포구 당산제1동,202208,"9,976","10,472"
1156056000,서울특별시 영등포구 당산제2동,202208,"17,557","19,989"
1156058500,서울특별시 영등포구 도림동,202208,"8,992","8,809"
1156060500,서울특별시 영등포구 문래동,202208,"15,845","16,587"
1156061000,서울특별시 영등포구 양평제1동,202208,"8,977","9,426"
1156062000,서울특별시 영등포구 양평제2동,202208,"10,963","11,431"
1156063000,서울특별시 영등포구 신길제1동,202208,"9,337","9,051"
1156065000,서울특별시 영등포구 신길제3동,202208,"8,120","8,338"
1156066000,서울특별시 영등포구 신길제4동,202208,"6,118","6,222"
1156067000,서울특별시 영등포구 신길제5동,202208,"5,030","5,296"
1156068000,서울특별시 영등포구 신길제6동,202208,"9,343","9,714"
1156069000,서울특별시 영등포구 신길제7동,202208,"9,889","9,940"
1156070000,서울특별시 영등포구 대림제1동,202208,"7,079","7,167"
1156071000,서울특별시 영등포구 대림제2동,202208,"5,850","6,018"
1156072000,서울특별시 영등포구 대림제3동,202208,"11,011","11,072"
1156000000,서울특별시 서울특별시 영등포구 ,202209,"185,099","191,117"
1156051500,서울특별시 영등포구 영등포본동,202209,"10,791","10,267"
1156053500,서울특별시 영등포구 영등포동,202209,"15,326","14,276"
1156054000,서울특별시 영등포구 여의동,202209,"15,315","17,318"
1156055000,서울특별시 영등포구 당산제1동,202209,"9,937","10,468"
1156056000,서울특별시 영등포구 당산제2동,202209,"17,468","19,886"
1156058500,서울특별시 영등포구 도림동,202209,"8,947","8,769"
1156060500,서울특별시 영등포구 문래동,202209,"15,807","16,542"
1156061000,서울특별시 영등포구 양평제1동,202209,"8,980","9,427"
1156062000,서울특별시 영등포구 양평제2동,202209,"10,927","11,438"
1156063000,서울특별시 영등포구 신길제1동,202209,"9,526","9,276"
1156065000,서울특별시 영등포구 신길제3동,202209,"8,100","8,312"
1156066000,서울특별시 영등포구 신길제4동,202209,"6,101","6,193"
1156067000,서울특별시 영등포구 신길제5동,202209,"4,985","5,254"
1156068000,서울특별시 영등포구 신길제6동,202209,"9,270","9,674"
1156069000,서울특별시 영등포구 신길제7동,202209,"9,840","9,896"
1156070000,서울특별시 영등포구 대림제1동,202209,"7,041","7,119"
1156071000,서울특별시 영등포구 대림제2동,202209,"5,804","5,992"
1156072000,서울특별시 영등포구 대림제3동,202209,"10,934","11,010"
1156000000,서울특별시 서울특별시 영등포구 ,202210,"184,845","191,004"
1156051500,서울특별시 영등포구 영등포본동,202210,"10,781","10,243"
1156053500,서울특별시 영등포구 영등포동,202210,"15,305","14,287"
1156054000,서울특별시 영등포구 여의동,202210,"15,311","17,313"
1156055000,서울특별시 영등포구 당산제1동,202210,"9,906","10,445"
1156056000,서울특별시 영등포구 당산제2동,202210,"17,347","19,802"
1156058500,서울특별시 영등포구 도림동,202210,"8,939","8,758"
1156060500,서울특별시 영등포구 문래동,202210,"15,805","16,530"
1156061000,서울특별시 영등포구 양평제1동,202210,"8,949","9,416"
1156062000,서울특별시 영등포구 양평제2동,202210,"10,932","11,440"
1156063000,서울특별시 영등포구 신길제1동,202210,"9,644","9,397"
1156065000,서울특별시 영등포구 신길제3동,202210,"8,068","8,292"
1156066000,서울특별시 영등포구 신길제4동,202210,"6,105","6,204"
1156067000,서울특별시 영등포구 신길제5동,202210,"4,982","5,252"
1156068000,서울특별시 영등포구 신길제6동,202210,"9,239","9,654"
1156069000,서울특별시 영등포구 신길제7동,202210,"9,795","9,885"
1156070000,서울특별시 영등포구 대림제1동,202210,"7,046","7,111"
1156071000,서울특별시 영등포구 대림제2동,202210,"5,778","5,988"
1156072000,서울특별시 영등포구 대림제3동,202210,"10,913","10,987"
1156000000,서울특별시 서울특별시 영등포구 ,202211,"184,766","191,019"
1156051500,서울특별시 영등포구 영등포본동,202211,"10,777","10,242"
1156053500,서울특별시 영등포구 영등포동,202211,"15,332","14,338"
1156054000,서울특별시 영등포구 여의동,202211,"15,299","17,280"
1156055000,서울특별시 영등포구 당산제1동,202211,"9,919","10,427"
1156056000,서울특별시 영등포구 당산제2동,202211,"17,253","19,694"
1156058500,서울특별시 영등포구 도림동,202211,"8,961","8,764"
1156060500,서울특별시 영등포구 문래동,202211,"15,787","16,544"
1156061000,서울특별시 영등포구 양평제1동,202211,"8,927","9,427"
1156062000,서울특별시 영등포구 양평제2동,202211,"10,938","11,453"
1156063000,서울특별시 영등포구 신길제1동,202211,"9,656","9,405"
1156065000,서울특별시 영등포구 신길제3동,202211,"8,068","8,295"
1156066000,서울특별시 영등포구 신길제4동,202211,"6,112","6,227"
1156067000,서울특별시 영등포구 신길제5동,202211,"4,968","5,262"
1156068000,서울특별시 영등포구 신길제6동,202211,"9,260","9,666"
1156069000,서울특별시 영등포구 신길제7동,202211,"9,770","9,883"
1156070000,서울특별시 영등포구 대림제1동,202211,"7,046","7,115"
1156071000,서울특별시 영등포구 대림제2동,202211,"5,794","6,016"
1156072000,서울특별시 영등포구 대림제3동,202211,"10,899","10,981"
1156000000,서울특별시 서울특별시 영등포구 ,202212,"184,660","191,015"
1156051500,서울특별시 영등포구 영등포본동,202212,"10,768","10,240"
1156053500,서울특별시 영등포구 영등포동,202212,"15,334","14,394"
1156054000,서울특별시 영등포구 여의동,202212,"15,278","17,277"
1156055000,서울특별시 영등포구 당산제1동,202212,"9,930","10,443"
1156056000,서울특별시 영등포구 당산제2동,202212,"17,132","19,584"
1156058500,서울특별시 영등포구 도림동,202212,"8,918","8,753"
1156060500,서울특별시 영등포구 문래동,202212,"15,789","16,542"
1156061000,서울특별시 영등포구 양평제1동,202212,"8,929","9,465"
1156062000,서울특별시 영등포구 양평제2동,202212,"10,909","11,470"
1156063000,서울특별시 영등포구 신길제1동,202212,"9,703","9,449"
1156065000,서울특별시 영등포구 신길제3동,202212,"8,073","8,278"
1156066000,서울특별시 영등포구 신길제4동,202212,"6,099","6,205"
1156067000,서울특별시 영등포구 신길제5동,202212,"4,970","5,260"
1156068000,서울특별시 영등포구 신길제6동,202212,"9,239","9,635"
1156069000,서울특별시 영등포구 신길제7동,202212,"9,809","9,909"
1156070000,서울특별시 영등포구 대림제1동,202212,"7,043","7,115"
1156071000,서울특별시 영등포구 대림제2동,202212,"5,832","6,023"
1156072000,서울특별시 영등포구 대림제3동,202212,"10,905","10,973"
1156000000,서울특별시 서울특별시 영등포구 ,202101,"187,960","192,209"
1156051500,서울특별시 영등포구 영등포본동,202101,"10,977","10,445"
1156053500,서울특별시 영등포구 영등포동,202101,"15,177","13,155"
1156054000,서울특별시 영등포구 여의동,202101,"15,978","18,044"
1156055000,서울특별시 영등포구 당산제1동,202101,"10,194","10,563"
1156056000,서울특별시 영등포구 당산제2동,202101,"17,600","19,954"
1156058500,서울특별시 영등포구 도림동,202101,"9,145","9,060"
1156060500,서울특별시 영등포구 문래동,202101,"16,286","16,939"
1156061000,서울특별시 영등포구 양평제1동,202101,"8,599","8,845"
1156062000,서울특별시 영등포구 양평제2동,202101,"11,094","11,227"
1156063000,서울특별시 영등포구 신길제1동,202101,"8,873","8,588"
1156065000,서울특별시 영등포구 신길제3동,202101,"8,299","8,580"
1156066000,서울특별시 영등포구 신길제4동,202101,"6,103","6,152"
1156067000,서울특별시 영등포구 신길제5동,202101,"5,386","5,731"
1156068000,서울특별시 영등포구 신길제6동,202101,"9,180","9,613"
1156069000,서울특별시 영등포구 신길제7동,202101,"10,127","10,129"
1156070000,서울특별시 영등포구 대림제1동,202101,"7,370","7,489"
1156071000,서울특별시 영등포구 대림제2동,202101,"6,119","6,294"
1156072000,서울특별시 영등포구 대림제3동,202101,"11,453","11,401"
1156000000,서울특별시 서울특별시 영등포구 ,202102,"188,029","192,414"
1156051500,서울특별시 영등포구 영등포본동,202102,"10,943","10,442"
1156053500,서울특별시 영등포구 영등포동,202102,"15,283","13,294"
1156054000,서울특별시 영등포구 여의동,202102,"15,942","18,047"
1156055000,서울특별시 영등포구 당산제1동,202102,"10,167","10,536"
1156056000,서울특별시 영등포구 당산제2동,202102,"17,501","19,960"
1156058500,서울특별시 영등포구 도림동,202102,"9,147","9,013"
1156060500,서울특별시 영등포구 문래동,202102,"16,211","16,880"
1156061000,서울특별시 영등포구 양평제1동,202102,"8,622","8,875"
1156062000,서울특별시 영등포구 양평제2동,202102,"11,084","11,226"
1156063000,서울특별시 영등포구 신길제1동,202102,"8,869","8,578"
1156065000,서울특별시 영등포구 신길제3동,202102,"8,269","8,549"
1156066000,서울특별시 영등포구 신길제4동,202102,"6,158","6,195"
1156067000,서울특별시 영등포구 신길제5동,202102,"5,391","5,726"
1156068000,서울특별시 영등포구 신길제6동,202102,"9,427","9,821"
1156069000,서울특별시 영등포구 신길제7동,202102,"10,088","10,082"
1156070000,서울특별시 영등포구 대림제1동,202102,"7,397","7,516"
1156071000,서울특별시 영등포구 대림제2동,202102,"6,089","6,272"
1156072000,서울특별시 영등포구 대림제3동,202102,"11,441","11,402"
1156000000,서울특별시 서울특별시 영등포구 ,202103,"186,692","190,898"
1156051500,서울특별시 영등포구 영등포본동,202103,"10,862","10,381"
1156053500,서울특별시 영등포구 영등포동,202103,"15,194","13,248"
1156054000,서울특별시 영등포구 여의동,202103,"15,771","17,745"
1156055000,서울특별시 영등포구 당산제1동,202103,"10,123","10,470"
1156056000,서울특별시 영등포구 당산제2동,202103,"17,404","19,836"
1156058500,서울특별시 영등포구 도림동,202103,"9,074","8,913"
1156060500,서울특별시 영등포구 문래동,202103,"16,109","16,782"
1156061000,서울특별시 영등포구 양평제1동,202103,"8,554","8,843"
1156062000,서울특별시 영등포구 양평제2동,202103,"11,038","11,214"
1156063000,서울특별시 영등포구 신길제1동,202103,"8,772","8,467"
1156065000,서울특별시 영등포구 신길제3동,202103,"8,238","8,483"
1156066000,서울특별시 영등포구 신길제4동,202103,"6,123","6,160"
1156067000,서울특별시 영등포구 신길제5동,202103,"5,306","5,631"
1156068000,서울특별시 영등포구 신길제6동,202103,"9,347","9,755"
1156069000,서울특별시 영등포구 신길제7동,202103,"10,009","9,986"
1156070000,서울특별시 영등포구 대림제1동,202103,"7,335","7,459"
1156071000,서울특별시 영등포구 대림제2동,202103,"6,032","6,198"
1156072000,서울특별시 영등포구 대림제3동,202103,"11,401","11,327"
1156000000,서울특별시 서울특별시 영등포구 ,202104,"186,652","191,044"
1156051500,서울특별시 영등포구 영등포본동,202104,"10,839","10,360"
1156053500,서울특별시 영등포구 영등포동,202104,"15,209","13,337"
1156054000,서울특별시 영등포구 여의동,202104,"15,743","17,716"
1156055000,서울특별시 영등포구 당산제1동,202104,"10,103","10,434"
1156056000,서울특별시 영등포구 당산제2동,202104,"17,392","19,869"
1156058500,서울특별시 영등포구 도림동,202104,"9,050","8,904"
1156060500,서울특별시 영등포구 문래동,202104,"16,090","16,796"
1156061000,서울특별시 영등포구 양평제1동,202104,"8,697","8,994"
1156062000,서울특별시 영등포구 양평제2동,202104,"11,021","11,216"
1156063000,서울특별시 영등포구 신길제1동,202104,"8,787","8,460"
1156065000,서울특별시 영등포구 신길제3동,202104,"8,240","8,480"
1156066000,서울특별시 영등포구 신길제4동,202104,"6,117","6,171"
1156067000,서울특별시 영등포구 신길제5동,202104,"5,293","5,596"
1156068000,서울특별시 영등포구 신길제6동,202104,"9,371","9,781"
1156069000,서울특별시 영등포구 신길제7동,202104,"10,007","10,003"
1156070000,서울특별시 영등포구 대림제1동,202104,"7,310","7,445"
1156071000,서울특별시 영등포구 대림제2동,202104,"6,009","6,184"
1156072000,서울특별시 영등포구 대림제3동,202104,"11,374","11,298"
1156000000,서울특별시 서울특별시 영등포구 ,202105,"186,564","191,013"
1156051500,서울특별시 영등포구 영등포본동,202105,"10,852","10,379"
1156053500,서울특별시 영등포구 영등포동,202105,"15,233","13,365"
1156054000,서울특별시 영등포구 여의동,202105,"15,724","17,689"
1156055000,서울특별시 영등포구 당산제1동,202105,"10,097","10,415"
1156056000,서울특별시 영등포구 당산제2동,202105,"17,402","19,826"
1156058500,서울특별시 영등포구 도림동,202105,"9,046","8,884"
1156060500,서울특별시 영등포구 문래동,202105,"16,093","16,792"
1156061000,서울특별시 영등포구 양평제1동,202105,"8,780","9,100"
1156062000,서울특별시 영등포구 양평제2동,202105,"11,023","11,277"
1156063000,서울특별시 영등포구 신길제1동,202105,"8,801","8,438"
1156065000,서울특별시 영등포구 신길제3동,202105,"8,216","8,482"
1156066000,서울특별시 영등포구 신길제4동,202105,"6,095","6,175"
1156067000,서울특별시 영등포구 신길제5동,202105,"5,265","5,568"
1156068000,서울특별시 영등포구 신길제6동,202105,"9,338","9,769"
1156069000,서울특별시 영등포구 신길제7동,202105,"9,985","9,996"
1156070000,서울특별시 영등포구 대림제1동,202105,"7,283","7,434"
1156071000,서울특별시 영등포구 대림제2동,202105,"6,024","6,194"
1156072000,서울특별시 영등포구 대림제3동,202105,"11,307","11,230"
1156000000,서울특별시 서울특별시 영등포구 ,202106,"186,482","190,939"
1156051500,서울특별시 영등포구 영등포본동,202106,"10,831","10,361"
1156053500,서울특별시 영등포구 영등포동,202106,"15,214","13,433"
1156054000,서울특별시 영등포구 여의동,202106,"15,724","17,654"
1156055000,서울특별시 영등포구 당산제1동,202106,"10,061","10,414"
1156056000,서울특별시 영등포구 당산제2동,202106,"17,431","19,810"
1156058500,서울특별시 영등포구 도림동,202106,"9,027","8,869"
1156060500,서울특별시 영등포구 문래동,202106,"16,093","16,777"
1156061000,서울특별시 영등포구 양평제1동,202106,"8,823","9,151"
1156062000,서울특별시 영등포구 양평제2동,202106,"11,014","11,261"
1156063000,서울특별시 영등포구 신길제1동,202106,"8,782","8,421"
1156065000,서울특별시 영등포구 신길제3동,202106,"8,222","8,484"
1156066000,서울특별시 영등포구 신길제4동,202106,"6,109","6,175"
1156067000,서울특별시 영등포구 신길제5동,202106,"5,265","5,548"
1156068000,서울특별시 영등포구 신길제6동,202106,"9,341","9,771"
1156069000,서울특별시 영등포구 신길제7동,202106,"9,977","9,989"
1156070000,서울특별시 영등포구 대림제1동,202106,"7,270","7,408"
1156071000,서울특별시 영등포구 대림제2동,202106,"6,005","6,178"
1156072000,서울특별시 영등포구 대림제3동,202106,"11,293","11,235"
1156000000,서울특별시 서울특별시 영등포구 ,202107,"186,432","190,976"
1156051500,서울특별시 영등포구 영등포본동,202107,"10,821","10,347"
1156053500,서울특별시 영등포구 영등포동,202107,"15,279","13,531"
1156054000,서울특별시 영등포구 여의동,202107,"15,699","17,625"
1156055000,서울특별시 영등포구 당산제1동,202107,"10,031","10,377"
1156056000,서울특별시 영등포구 당산제2동,202107,"17,403","19,831"
1156058500,서울특별시 영등포구 도림동,202107,"9,027","8,849"
1156060500,서울특별시 영등포구 문래동,202107,"16,087","16,761"
1156061000,서울특별시 영등포구 양평제1동,202107,"8,863","9,204"
1156062000,서울특별시 영등포구 양평제2동,202107,"11,016","11,304"
1156063000,서울특별시 영등포구 신길제1동,202107,"8,776","8,432"
1156065000,서울특별시 영등포구 신길제3동,202107,"8,216","8,477"
1156066000,서울특별시 영등포구 신길제4동,202107,"6,122","6,184"
1156067000,서울특별시 영등포구 신길제5동,202107,"5,260","5,538"
1156068000,서울특별시 영등포구 신길제6동,202107,"9,341","9,782"
1156069000,서울특별시 영등포구 신길제7동,202107,"9,979","9,996"
1156070000,서울특별시 영등포구 대림제1동,202107,"7,275","7,383"
1156071000,서울특별시 영등포구 대림제2동,202107,"5,978","6,157"
1156072000,서울특별시 영등포구 대림제3동,202107,"11,259","11,198"
1156000000,서울특별시 서울특별시 영등포구 ,202108,"186,526","191,129"
1156051500,서울특별시 영등포구 영등포본동,202108,"10,817","10,322"
1156053500,서울특별시 영등포구 영등포동,202108,"15,410","13,686"
1156054000,서울특별시 영등포구 여의동,202108,"15,667","17,607"
1156055000,서울특별시 영등포구 당산제1동,202108,"10,033","10,340"
1156056000,서울특별시 영등포구 당산제2동,202108,"17,477","19,926"
1156058500,서울특별시 영등포구 도림동,202108,"9,007","8,866"
1156060500,서울특별시 영등포구 문래동,202108,"16,057","16,731"
1156061000,서울특별시 영등포구 양평제1동,202108,"8,870","9,238"
1156062000,서울특별시 영등포구 양평제2동,202108,"11,007","11,328"
1156063000,서울특별시 영등포구 신길제1동,202108,"8,796","8,473"
1156065000,서울특별시 영등포구 신길제3동,202108,"8,215","8,429"
1156066000,서울특별시 영등포구 신길제4동,202108,"6,118","6,193"
1156067000,서울특별시 영등포구 신길제5동,202108,"5,225","5,519"
1156068000,서울특별시 영등포구 신길제6동,202108,"9,339","9,801"
1156069000,서울특별시 영등포구 신길제7동,202108,"9,987","9,989"
1156070000,서울특별시 영등포구 대림제1동,202108,"7,257","7,352"
1156071000,서울특별시 영등포구 대림제2동,202108,"5,974","6,133"
1156072000,서울특별시 영등포구 대림제3동,202108,"11,270","11,196"
1156000000,서울특별시 서울특별시 영등포구 ,202109,"186,414","191,122"
1156051500,서울특별시 영등포구 영등포본동,202109,"10,820","10,333"
1156053500,서울특별시 영등포구 영등포동,202109,"15,466","13,760"
1156054000,서울특별시 영등포구 여의동,202109,"15,613","17,573"
1156055000,서울특별시 영등포구 당산제1동,202109,"10,001","10,332"
1156056000,서울특별시 영등포구 당산제2동,202109,"17,532","19,936"
1156058500,서울특별시 영등포구 도림동,202109,"8,972","8,838"
1156060500,서울특별시 영등포구 문래동,202109,"16,065","16,735"
1156061000,서울특별시 영등포구 양평제1동,202109,"8,858","9,240"
1156062000,서울특별시 영등포구 양평제2동,202109,"11,035","11,336"
1156063000,서울특별시 영등포구 신길제1동,202109,"8,783","8,482"
1156065000,서울특별시 영등포구 신길제3동,202109,"8,200","8,417"
1156066000,서울특별시 영등포구 신길제4동,202109,"6,116","6,193"
1156067000,서울특별시 영등포구 신길제5동,202109,"5,192","5,512"
1156068000,서울특별시 영등포구 신길제6동,202109,"9,324","9,838"
1156069000,서울특별시 영등포구 신길제7동,202109,"9,982","9,974"
1156070000,서울특별시 영등포구 대림제1동,202109,"7,255","7,339"
1156071000,서울특별시 영등포구 대림제2동,202109,"5,949","6,098"
1156072000,서울특별시 영등포구 대림제3동,202109,"11,251","11,186"
1156000000,서울특별시 서울특별시 영등포구 ,202110,"186,390","191,134"
1156051500,서울특별시 영등포구 영등포본동,202110,"10,881","10,369"
1156053500,서울특별시 영등포구 영등포동,202110,"15,458","13,798"
1156054000,서울특별시 영등포구 여의동,202110,"15,587","17,570"
1156055000,서울특별시 영등포구 당산제1동,202110,"9,993","10,354"
1156056000,서울특별시 영등포구 당산제2동,202110,"17,536","19,917"
1156058500,서울특별시 영등포구 도림동,202110,"8,967","8,808"
1156060500,서울특별시 영등포구 문래동,202110,"16,043","16,705"
1156061000,서울특별시 영등포구 양평제1동,202110,"8,857","9,262"
1156062000,서울특별시 영등포구 양평제2동,202110,"11,026","11,366"
1156063000,서울특별시 영등포구 신길제1동,202110,"8,784","8,472"
1156065000,서울특별시 영등포구 신길제3동,202110,"8,224","8,443"
1156066000,서울특별시 영등포구 신길제4동,202110,"6,115","6,193"
1156067000,서울특별시 영등포구 신길제5동,202110,"5,189","5,505"
1156068000,서울특별시 영등포구 신길제6동,202110,"9,330","9,807"
1156069000,서울특별시 영등포구 신길제7동,202110,"9,992","10,008"
1156070000,서울특별시 영등포구 대림제1동,202110,"7,256","7,326"
1156071000,서울특별시 영등포구 대림제2동,202110,"5,909","6,086"
1156072000,서울특별시 영등포구 대림제3동,202110,"11,243","11,145"
1156000000,서울특별시 서울특별시 영등포구 ,202111,"186,047","191,001"
1156051500,서울특별시 영등포구 영등포본동,202111,"10,872","10,361"
1156053500,서울특별시 영등포구 영등포동,202111,"15,405","13,866"
1156054000,서울특별시 영등포구 여의동,202111,"15,516","17,532"
1156055000,서울특별시 영등포구 당산제1동,202111,"9,982","10,353"
1156056000,서울특별시 영등포구 당산제2동,202111,"17,529","19,898"
1156058500,서울특별시 영등포구 도림동,202111,"8,952","8,794"
1156060500,서울특별시 영등포구 문래동,202111,"16,015","16,692"
1156061000,서울특별시 영등포구 양평제1동,202111,"8,853","9,271"
1156062000,서울특별시 영등포구 양평제2동,202111,"10,982","11,354"
1156063000,서울특별시 영등포구 신길제1동,202111,"8,784","8,484"
1156065000,서울특별시 영등포구 신길제3동,202111,"8,204","8,417"
1156066000,서울특별시 영등포구 신길제4동,202111,"6,134","6,202"
1156067000,서울특별시 영등포구 신길제5동,202111,"5,182","5,472"
1156068000,서울특별시 영등포구 신길제6동,202111,"9,320","9,796"
1156069000,서울특별시 영등포구 신길제7동,202111,"9,972","10,016"
1156070000,서울특별시 영등포구 대림제1동,202111,"7,243","7,313"
1156071000,서울특별시 영등포구 대림제2동,202111,"5,906","6,067"
1156072000,서울특별시 영등포구 대림제3동,202111,"11,196","11,113"
1156000000,서울특별시 서울특별시 영등포구 ,202112,"185,926","190,911"
1156051500,서울특별시 영등포구 영등포본동,202112,"10,896","10,358"
1156053500,서울특별시 영등포구 영등포동,202112,"15,347","13,886"
1156054000,서울특별시 영등포구 여의동,202112,"15,519","17,552"
1156055000,서울특별시 영등포구 당산제1동,202112,"9,948","10,352"
1156056000,서울특별시 영등포구 당산제2동,202112,"17,598","19,922"
1156058500,서울특별시 영등포구 도림동,202112,"8,946","8,784"
1156060500,서울특별시 영등포구 문래동,202112,"15,964","16,663"
1156061000,서울특별시 영등포구 양평제1동,202112,"8,884","9,313"
1156062000,서울특별시 영등포구 양평제2동,202112,"10,957","11,344"
1156063000,서울특별시 영등포구 신길제1동,202112,"8,831","8,511"
1156065000,서울특별시 영등포구 신길제3동,202112,"8,184","8,377"
1156066000,서울특별시 영등포구 신길제4동,202112,"6,126","6,198"
1156067000,서울특별시 영등포구 신길제5동,202112,"5,162","5,449"
1156068000,서울특별시 영등포구 신길제6동,202112,"9,312","9,764"
1156069000,서울특별시 영등포구 신길제7동,202112,"9,961","10,007"
1156070000,서울특별시 영등포구 대림제1동,202112,"7,233","7,292"
1156071000,서울특별시 영등포구 대림제2동,202112,"5,879","6,033"
1156072000,서울특별시 영등포구 대림제3동,202112,"11,179","11,106"
