ocrn_dt,dsp_rqr_tm,spt_frstt_dist,spt_sf_cntr_dist,dth_cnt,injpsn_cnt,emd_nm,ign_htsrc_nm,fc_plc_lclas_nm,fc_plc_mclas_nm,fc_plc_sclas_nm,lon,lat
2023-11-24 12:18,0:02:37,3.2,0.7,0,0,신길동,기기(전기/ 기계 등) 사용.설치부주의,의료/복지시설,노유자시설,어린이집,126.9222371,37.50600453
2022-11-05 2:18,0:04:02,3.5,0.5,0,0,신길동,담배꽁초,주거,단독주택,다가구주택,126.9211358,37.50714556
2021-07-14 22:13,0:02:48,3.6,0.3,0,0,신길동,음식물 조리중,주거,단독주택,다가구주택,126.9219722,37.50807595
2023-02-04 16:19,0:04:50,3.0,0.2,0,0,신길동,미상,주거,단독주택,다중주택,126.9213607,37.5090553
2023-12-29 18:26,0:03:13,2.8,0.5,0,0,신길동,담배꽁초,기타,야외,쓰레기,126.9229811,37.51043319
2022-03-02 18:31,0:03:27,2.7,0.7,0,0,신길동,불씨/불꽃/화원방치,생활서비스,음식점,커피숍/다방/카페,126.9220815,37.51112115
2021-05-18 23:28,0:03:11,2.5,0.8,0,0,신길동,절연열화에 의한 단락,교육시설,연구/학원,일반학원,126.9236409,37.51248502
2022-04-14 23:01,0:04:48,2.8,0.4,0,0,신길동,방화,생활서비스,음식점,한식,126.9222547,37.51353397
2021-03-15 21:05,0:00:39,3.1,1.0,0,0,신길동,담배꽁초,주거,공동주택,아파트,126.9117177,37.4971007
2023-11-20 22:57,0:03:31,2.9,0.9,0,0,신길동,음식물 조리중,주거,공동주택,아파트,126.9117177,37.4971007
2023-10-31 1:15,0:03:16,2.5,1.0,0,0,신길동,음식물 조리중,주거,공동주택,아파트,126.908905,37.49714082
2023-11-29 20:58,0:01:28,3.0,0.6,0,0,신길동,담배꽁초,기타,야외,기타야외,126.9092561,37.49908519
2023-10-06 20:36,0:02:12,3.0,0.6,0,0,신길동,절연열화에 의한 단락,생활서비스,음식점,한식,126.909649,37.49909901
2023-06-16 17:22,0:02:47,3.5,1.0,0,0,신길동,담배꽁초,주거,단독주택,상가주택(주택부분에서 화재가 발생한 경우에만 해당),126.9118397,37.4992414
2022-03-23 20:17,0:03:09,3.5,0.9,0,0,신길동,접촉불량에 의한 단락,생활서비스,음식점,한식,126.9121123,37.49991114
2022-10-30 9:22,0:04:30,3.1,1.8,0,0,신길동,접촉불량에 의한 단락,자동차/철도차량,자동차,화물자동차,126.9115445,37.50041961
2023-02-14 13:50,0:03:04,3.0,1.0,0,1,신길동,미확인단락,주거,공동주택,아파트,126.9115445,37.50041961
2021-03-07 9:01,0:02:38,3.2,2.0,0,0,신길동,자연발화,생활서비스,음식점,치킨/족발,126.9115445,37.50041961
2022-11-27 23:47,0:02:56,4.2,2.1,0,0,신길동,절연열화에 의한 단락,생활서비스,음식점,한식,126.9154418,37.49698251
2022-05-16 16:37,0:05:00,3.0,1.5,0,0,신길동,과부하/과전류,집합시설,종교시설,수도원,126.9131524,37.49736053
2021-02-19 12:15,0:03:06,3.8,1.5,0,0,신길동,기기(전기/ 기계 등) 사용.설치부주의,주거,공동주택,다세대주택,126.9184511,37.49824522
2023-05-16 11:19,0:02:29,3.7,1.8,0,0,신길동,반단선,판매/업무시설,판매시설,상가빌딩,126.9200511,37.49892288
2021-12-02 20:34,0:03:57,2.7,1.1,0,0,신길동,설계상결함,주거,공동주택,연립주택,126.9135742,37.49919052
2023-08-23 17:48,0:03:46,3.2,1.5,0,0,신길동,음식물 조리중,주거,단독주택,다중주택,126.9175004,37.49924468
2023-03-18 15:59,0:03:37,1.2,0.6,0,0,신길동,기기(전기/ 기계 등) 사용.설치부주의,주거,단독주택,다중주택,126.9170685,37.49970533
2023-08-21 8:56,0:03:22,3.5,1.6,0,0,신길동,기타(전기적요인),자동차/철도차량,자동차,승용자동차,126.9197559,37.49972296
2021-02-25 20:11,0:02:35,4.0,1.7,0,0,신길동,가연물 근접방치,생활서비스,음식점,한식,126.9202418,37.50062528
2021-06-04 13:37,0:02:36,3.0,1.3,0,0,신길동,기기(전기/ 기계 등) 사용.설치부주의,집합시설,종교시설,교회,126.9161913,37.50068834
2022-11-22 18:49,0:03:26,3.2,1.4,0,0,신길동,가연물 근접방치,주거,단독주택,다중주택,126.9193696,37.50096158
2023-08-10 20:17,0:03:51,3.2,1.9,0,0,신길동,트래킹에 의한 단락,주거,단독주택,단독주택,126.9190502,37.5010693
2023-09-27 23:15,0:03:29,3.3,1.0,0,0,신길동,절연열화에 의한 단락,생활서비스,일상서비스,일반상점,126.9210327,37.50259992
2022-02-01 18:22,0:01:17,3.2,1.1,0,0,신길동,미확인단락,주거,기타주택,기타 주택,126.9209219,37.5026466
2022-09-14 12:42,0:05:00,2.8,1.5,0,0,신길동,담배꽁초,기타,야외,쓰레기,126.9157937,37.5027501
2021-12-17 12:08,0:05:20,2.1,1.3,0,0,신길동,트래킹에 의한 단락,교육시설,학교,초등학교,126.9190202,37.50290012
2021-01-10 12:36,0:02:57,3.2,1.2,0,0,신길동,기타(전기적요인),판매/업무시설,일반업무,일반회사,126.9210763,37.50302486
2023-03-25 16:30,0:04:32,2.9,1.1,0,0,신길동,불씨/불꽃/화원방치,주거,공동주택,아파트,126.9175044,37.50373971
2022-08-08 22:05,0:04:12,3.1,2.2,0,0,신길동,과부하/과전류,의료/복지시설,의료시설,한의원,126.9210088,37.50393843
2023-09-29 16:09,0:04:27,4.4,1.1,0,0,신길동,교통사고,자동차/철도차량,자동차,승용자동차,126.9172696,37.5049393
2022-05-17 9:13,0:04:48,3.5,1.0,0,0,신길동,트래킹에 의한 단락,의료/복지시설,노유자시설,유치원,126.909256,37.50164288
2023-04-18 23:48,0:02:35,2.6,1.0,0,0,신길동,불씨/불꽃/화원방치,생활서비스,음식점,한식,126.9124361,37.50218174
2023-03-26 19:53,0:00:41,3.6,0.8,0,1,신길동,음식물 조리중,주거,공동주택,아파트,126.9124361,37.50218174
2022-09-30 21:35,0:04:57,3.0,1.2,0,0,신길동,기타(부주의),자동차/철도차량,자동차,화물자동차,126.9109858,37.50331925
2021-11-09 7:06,0:02:40,2.9,2.2,0,0,신길동,유류 취급중,주거,공동주택,아파트,126.9109858,37.50331925
2023-11-02 0:19,0:03:48,2.6,1.3,0,0,신길동,자동제어 실패,주거,공동주택,아파트,126.909712,37.50351858
2021-08-13 10:45,0:04:46,2.6,2.6,0,0,신길동,자동제어 실패,자동차/철도차량,자동차,승용자동차,126.9095271,37.50498194
2021-10-14 15:57,0:02:24,2.4,1.5,0,0,신길동,오일/연료누설,자동차/철도차량,자동차,승용자동차,126.9110691,37.5054147
2022-02-28 18:38,0:04:59,3.8,1.4,0,0,신길동,미상,판매/업무시설,일반업무,오피스텔,126.911479,37.50544122
2022-05-22 0:48,0:01:34,2.3,1.5,0,0,신길동,과열/ 과부하,자동차/철도차량,자동차,승용자동차,126.9127316,37.50562262
2021-07-16 10:03,0:05:47,2.4,1.7,0,0,신길동,용접/ 절단/ 연마,주거,단독주택,다중주택,126.9132111,37.50542115
2021-04-06 19:24,0:04:23,3.4,3.2,0,0,신길동,음식물 조리중,주거,단독주택,다가구주택,126.9135613,37.5063216
2023-09-29 7:59,0:03:51,2.9,0.7,0,0,신길동,음식물 조리중,주거,공동주택,아파트,126.920787,37.50662535
2023-01-03 20:35,0:04:04,3.2,0.7,0,0,신길동,트래킹에 의한 단락,주거,공동주택,아파트,126.920787,37.50662535
2021-02-26 1:03,0:04:27,2.5,1.5,0,0,신길동,트래킹에 의한 단락,주거,공동주택,아파트,126.9137354,37.50731887
2023-03-26 20:17,0:04:03,1.8,1.2,0,0,신길동,기타(부주의),기타,야외,쓰레기,126.9137354,37.50731887
2022-11-12 13:21,0:03:01,2.8,0.8,0,0,신길동,미상,주거,공동주택,아파트,126.9169991,37.50745348
2023-03-19 14:46,0:04:00,3.1,0.8,0,0,신길동,가연물 근접방치,주거,공동주택,아파트,126.9169991,37.50745348
2023-08-12 14:55,0:05:13,2.9,0.5,0,0,신길동,접촉불량에 의한 단락,주거,공동주택,아파트,126.9192073,37.50844891
2023-03-24 6:01,0:00:19,1.8,0.4,0,0,신길동,음식물 조리중,주거,단독주택,다가구주택,126.9202696,37.50899438
2022-12-24 15:37,0:03:15,2.4,2.4,0,0,신길동,절연열화에 의한 단락,생활서비스,음식점,한식,126.9088727,37.50623627
2021-03-05 12:14,0:04:36,2.3,2.3,0,0,신길동,음식물 조리중,주거,단독주택,상가주택(주택부분에서 화재가 발생한 경우에만 해당),126.9088727,37.50623627
2022-09-30 19:00,0:05:00,1.7,1.7,0,1,신길동,담배꽁초,주거,단독주택,단독주택,126.9090226,37.50679645
2022-12-17 12:19,0:03:58,2.0,2.0,0,0,신길동,오일/연료누설,판매/업무시설,판매시설,상가빌딩,126.9112027,37.50704489
2023-12-25 10:39,0:04:00,2.1,2.1,0,0,신길동,음식물 조리중,생활서비스,음식점,치킨/족발,126.9107483,37.50705834
2021-11-06 2:50,0:04:25,2.0,2.0,0,0,신길동,기기(전기/ 기계 등) 사용.설치부주의,생활서비스,음식점,커피숍/다방/카페,126.9107397,37.50722484
2023-06-15 5:57,0:05:10,1.5,1.4,0,1,신길동,기기(전기/ 기계 등) 사용.설치부주의,주거,단독주택,다가구주택,126.9115345,37.50794489
2022-11-22 13:04,0:08:23,2.2,1.6,0,0,신길동,절연열화에 의한 단락,주거,단독주택,단독주택,126.9128126,37.50835084
2023-11-23 1:01,0:04:00,2.2,1.1,0,0,신길동,담배꽁초,주거,단독주택,다가구주택,126.9124858,37.50862297
2023-02-23 12:08,0:03:39,2.1,1.3,0,0,신길동,방화의심,주거,단독주택,다중주택,126.9127414,37.50863974
2022-07-01 8:05,0:02:15,2.5,2.5,0,0,신길동,과부하/과전류,주거,단독주택,상가주택(주택부분에서 화재가 발생한 경우에만 해당),126.9209523,37.50946471
2023-09-24 10:32,0:04:01,2.0,1.0,0,0,신길동,음식물 조리중,주거,단독주택,단독주택,126.9134521,37.51004438
2021-02-27 14:37,0:01:12,2.8,0.9,0,0,신길동,미상,주거,공동주택,다세대주택,126.9188099,37.51014856
2022-09-25 1:09,0:03:31,1.2,0.7,0,0,신길동,음식물 조리중,판매/업무시설,판매시설,기타 판매시설,126.9169602,37.5102444
2023-09-17 9:12,0:03:55,4.0,0.5,0,0,신길동,음식물 조리중,주거,단독주택,단독주택,126.9206012,37.51045297
2023-04-12 0:43,0:04:38,2.2,1.1,0,0,신길동,음식물 조리중,주거,단독주택,단독주택,126.9156283,37.51055124
2023-10-31 22:19,0:03:29,2.8,0.5,0,0,신길동,담배꽁초,주거,단독주택,다가구주택,126.9208286,37.51055827
2023-04-22 11:52,0:03:51,1.9,1.0,0,0,신길동,음식물 조리중,주거,단독주택,다가구주택,126.9129394,37.51066138
2022-02-18 22:55,0:04:21,1.9,1.8,0,0,신길동,방화,자동차/철도차량,자동차,특수자동차,126.9135272,37.51082399
2023-03-24 11:33,0:05:00,3.0,0.3,0,0,신길동,담배꽁초,기타,야외,쓰레기,126.9208761,37.51090996
2023-11-28 4:02,0:04:43,2.2,2.0,0,0,신길동,음식물 조리중,주거,공동주택,다세대주택,126.909656,37.50897043
2022-07-14 20:40,0:03:52,1.8,1.8,0,0,신길동,담배꽁초,주거,단독주택,상가주택(주택부분에서 화재가 발생한 경우에만 해당),126.910119,37.50930749
2021-07-30 12:13,0:04:27,1.9,1.2,0,0,신길동,담배꽁초,주거,공동주택,다세대주택,126.9128448,37.51039019
2022-05-08 16:21,0:03:25,1.8,1.8,0,2,신길동,가연물 근접방치,주거,단독주택,단독주택,126.912245,37.51040975
2021-09-19 13:21,0:03:47,2.5,1.1,0,0,신길동,절연열화에 의한 단락,기타,야외,기타야외,126.9126047,37.51041002
2022-04-05 12:09,0:03:57,1.8,1.8,0,0,신길동,기기(전기/ 기계 등) 사용.설치부주의,생활서비스,음식점,일반주점,126.9115505,37.51055412
2023-05-07 22:27,0:04:02,1.9,1.3,0,0,신길동,기기(전기/ 기계 등) 사용.설치부주의,주거,단독주택,다가구주택,126.9124142,37.5106126
2021-09-23 0:03,0:03:27,1.0,1.0,0,0,도림동,절연열화에 의한 단락,판매/업무시설,일반업무,일반빌딩,126.9097481,37.51136095
2023-11-06 10:40,0:03:34,1.6,1.1,0,0,신길동,음식물 조리중,주거,공동주택,다세대주택,126.9123765,37.51172198
2023-12-23 3:21,0:04:55,1.4,1.4,0,0,도림동,불씨/불꽃/화원방치,판매/업무시설,판매시설,상가빌딩,126.9092642,37.5122132
2022-09-08 6:54,0:04:57,2.8,0.5,0,0,신길동,기타(기계적요인),주거,단독주택,다가구주택,126.9205632,37.5109166
2022-09-16 22:13,0:04:56,2.0,0.2,0,0,신길동,음식물 조리중,주거,단독주택,다가구주택,126.9210519,37.51114218
2023-07-01 21:54,0:04:05,2.3,0.8,0,0,신길동,절연열화에 의한 단락,판매/업무시설,판매시설,시장,126.9175856,37.51115621
2023-01-08 9:53,0:03:25,2.3,1.0,0,0,신길동,빨래삶기,판매/업무시설,일반업무,오피스텔,126.9169112,37.51120601
2023-01-14 15:49,0:04:20,2.2,0.7,0,0,신길동,기타(부주의),자동차/철도차량,자동차,화물자동차,126.918369,37.5112109
2021-05-30 15:30,0:02:55,2.5,1.0,0,0,신길동,기기(전기/ 기계 등) 사용.설치부주의,생활서비스,일상서비스,고시원(원룸텔),126.9168012,37.51142317
2021-08-31 13:38,0:02:28,2.4,0.5,0,0,신길동,미확인단락,주거,공동주택,다세대주택,126.9186504,37.51162628
2023-03-17 3:42,0:03:35,2.3,0.7,0,1,신길동,층간단락,생활서비스,일상서비스,기타 일상서비스,126.9174171,37.51229856
2023-05-14 15:38,0:05:00,2.0,1.2,0,0,신길동,담배꽁초,기타,야외,기타야외,126.9155196,37.51230578
2023-04-04 20:08,0:01:52,2.0,0.4,0,0,신길동,가연물 근접방치,주거,단독주택,단독주택,126.9205602,37.51237271
2021-04-10 13:52,0:03:52,5.0,1.8,0,0,대림동,담배꽁초,기타,도로,기타도로,126.9022031,37.48599451
2022-08-25 0:35,0:04:22,5.1,2.2,0,1,대림동,가연물 근접방치,주거,공동주택,기타 공동주택,126.9005633,37.48689875
2022-10-29 10:41,0:07:21,4.9,2.6,0,0,대림동,제조상결함,주거,공동주택,아파트,126.8996873,37.48767567
2023-08-19 20:37,0:03:58,5.0,2.8,0,0,대림동,음식물 조리중,주거,공동주택,아파트,126.8996873,37.48767567
2021-03-17 1:10,0:03:26,5.6,1.9,0,0,대림동,음식물 조리중,생활서비스,위락시설,기타 위락시설,126.9006532,37.48801012
2022-08-16 9:54,0:04:34,4.4,2.0,0,0,대림동,음식물 조리중,주거,단독주택,다가구주택,126.90213,37.48888912
2021-08-31 23:38,0:03:13,4.4,1.9,0,0,대림동,음식물 조리중,생활서비스,음식점,중식,126.8999386,37.48968549
2023-10-01 8:22,0:02:35,4.0,1.5,0,1,대림동,절연열화에 의한 단락,생활서비스,일상서비스,기타 일상서비스,126.900148,37.48984992
2021-02-02 11:21,0:02:36,4.2,1.2,0,0,대림동,음식물 조리중,주거,공동주택,기타 공동주택,126.9016736,37.49024286
2023-04-28 19:42,0:03:11,4.2,1.7,0,0,대림동,접촉불량에 의한 단락,생활서비스,음식점,중식,126.9014294,37.49094031
2023-06-05 18:35,0:04:22,4.9,2.1,0,0,대림동,음식물 조리중,주거,단독주택,단독주택,126.903344,37.48794893
2021-02-06 2:30,0:04:49,4.5,2.1,0,0,대림동,가연물 근접방치,주거,단독주택,단독주택,126.9039916,37.48840176
2023-12-05 20:19,0:03:04,5.0,2.6,0,0,대림동,음식물 조리중,주거,단독주택,다중주택,126.903407,37.4889017
2023-10-19 5:46,0:03:10,4.2,1.1,0,0,대림동,과부하/과전류,주거,단독주택,단독주택,126.9033182,37.48911598
2021-10-01 23:16,0:03:23,4.5,2.0,0,0,대림동,불씨/불꽃/화원방치,생활서비스,오락시설,노래연습장,126.9042725,37.48958582
2022-08-09 21:23,0:04:21,4.7,1.8,0,0,대림동,불씨/불꽃/화원방치,주거,기타주택,기타 주택,126.9041034,37.48977571
2021-06-27 19:23,0:02:45,5.0,1.3,0,0,대림동,담배꽁초,주거,단독주택,다가구주택,126.9044774,37.49039257
2023-01-22 23:16,0:04:23,4.3,1.2,0,0,대림동,담배꽁초,생활서비스,일상서비스,고시원(원룸텔),126.9046731,37.4919057
2023-11-30 18:26,0:04:17,4.3,1.5,0,0,대림동,불씨/불꽃/화원방치,생활서비스,음식점,커피숍/다방/카페,126.9049125,37.49196977
2021-07-05 4:51,0:03:23,4.3,2.6,0,0,대림동,기기(전기/ 기계 등) 사용.설치부주의,주거,단독주택,다가구주택,126.9043958,37.49209523
2022-03-03 23:34,0:03:03,4.3,1.9,0,0,대림동,미상,생활서비스,일상서비스,고시원(원룸텔),126.9056622,37.48863692
2022-03-26 20:56,0:02:10,4.2,1.5,0,0,대림동,과부하/과전류,기타서비스,기타건축물,기타 건축물,126.9056454,37.48903812
2021-06-30 16:34,0:02:52,5.9,1.9,0,0,대림동,불씨/불꽃/화원방치,판매/업무시설,판매시설,상점가,126.9057654,37.48945962
2022-10-19 17:16,0:03:29,4.2,1.8,0,0,대림동,음식물 조리중,생활서비스,음식점,한식,126.9057654,37.48945962
2022-01-14 18:19,0:02:41,5.9,1.9,0,0,대림동,불씨/불꽃/화원방치,생활서비스,음식점,한식,126.9057654,37.48945962
2023-11-26 20:06,0:04:06,4.0,1.7,0,0,대림동,불씨/불꽃/화원방치,생활서비스,음식점,한식,126.9057654,37.48945962
2023-03-19 21:47,0:04:09,4.2,1.9,0,0,대림동,음식물 조리중,주거,단독주택,단독주택,126.905992,37.490177
2023-04-24 16:14,0:03:53,4.4,1.8,0,0,대림동,담배꽁초,기타,야외,기타야외,126.9075569,37.49105582
2023-02-18 8:34,0:06:18,3.9,1.5,0,1,대림동,용접/ 절단/ 연마,교육시설,학교,중학교,126.906943,37.49213862
2023-04-06 23:29,0:03:08,4.0,1.5,0,0,대림동,음식물 조리중,주거,단독주택,상가주택(주택부분에서 화재가 발생한 경우에만 해당),126.9077321,37.49265164
2022-05-04 19:56,0:04:18,4.4,1.0,0,0,대림동,반단선,주거,단독주택,단독주택,126.9002723,37.49110999
2021-05-25 14:00,0:02:45,4.4,1.4,0,0,대림동,음식물 조리중,생활서비스,음식점,호프집,126.9010999,37.49117322
2021-07-17 19:54,0:02:20,4.2,1.3,0,0,대림동,불씨/불꽃/화원방치,생활서비스,음식점,중식,126.9010021,37.49131513
2021-01-16 15:54,0:02:45,5.0,1.3,0,0,대림동,불씨/불꽃/화원방치,생활서비스,음식점,중식,126.9009151,37.49140804
2023-08-19 18:00,0:04:19,4.0,1.5,0,0,대림동,불씨/불꽃/화원방치,생활서비스,음식점,중식,126.9009151,37.49140804
2022-11-07 3:29,0:02:52,4.2,1.8,0,0,대림동,기기(전기/ 기계 등) 사용.설치부주의,기타,야외,쓰레기,126.9009151,37.49140804
2023-08-31 0:43,0:01:25,4.2,1.8,0,0,대림동,음식물 조리중,생활서비스,음식점,중식,126.9009151,37.49140804
2023-06-02 23:50,0:03:50,4.2,1.9,0,0,대림동,담배꽁초,주거,단독주택,다가구주택,126.9006012,37.49177431
2023-05-16 11:31,0:00:47,3.1,0.8,0,1,대림동,음식물 조리중,생활서비스,음식점,중식,126.9016521,37.4928946
2022-10-10 18:06,0:02:32,4.0,1.7,0,0,대림동,음식물 조리중,주거,공동주택,다세대주택,126.9023492,37.49387115
2023-08-05 3:20,0:04:16,3.8,1.5,0,0,대림동,접촉불량에 의한 단락,교육시설,연구/학원,연구소,126.9082096,37.49305467
2021-03-24 17:21,0:01:49,4.9,1.1,0,0,대림동,담배꽁초,기타,야외,쓰레기,126.9061288,37.4937041
2022-01-19 18:40,0:03:06,3.6,1.0,0,0,대림동,절연열화에 의한 단락,생활서비스,일상서비스,관리사무소,126.907785,37.49596657
2023-08-14 20:44,0:03:09,3.3,0.9,0,0,대림동,미확인단락,판매/업무시설,판매시설,할인점(마트),126.907785,37.49596657
2023-11-24 16:55,0:02:31,3.2,0.8,0,0,대림동,가연물 근접방치,기타,야외,쓰레기,126.9080933,37.49637821
2023-02-08 8:29,0:03:11,3.5,1.0,0,0,대림동,가연물 근접방치,주거,단독주택,다가구주택,126.9061382,37.49639866
2022-11-22 22:26,0:00:47,3.2,0.8,0,0,대림동,반단선,주거,공동주택,다세대주택,126.9078935,37.49706264
2023-07-23 13:41,0:03:41,3.0,0.8,0,0,신길동,음식물 조리중,주거,단독주택,단독주택,126.9062217,37.49793017
2022-08-12 10:52,0:04:57,3.2,0.4,0,0,신길동,절연열화에 의한 단락,주거,공동주택,다세대주택,126.9070729,37.49805806
2023-09-10 14:39,0:02:20,3.0,1.1,0,0,신길동,담배꽁초,기타,야외,쓰레기,126.9076383,37.49833926
2023-04-28 8:15,0:03:31,4.9,0.9,0,0,대림동,음식물 조리중,주거,단독주택,단독주택,126.9029735,37.49275478
2021-05-12 13:53,0:02:49,3.8,1.5,0,0,대림동,기기(전기/ 기계 등) 사용.설치부주의,주거,단독주택,다가구주택,126.9042414,37.49277653
2023-04-12 19:51,0:01:45,4.2,0.3,0,0,대림동,미상,자동차/철도차량,자동차,화물자동차,126.9037289,37.49566375
2023-08-02 4:46,0:04:55,3.4,0.5,0,0,대림동,음식물 조리중,주거,단독주택,다가구주택,126.9042966,37.4969459
2023-06-17 3:03,0:01:24,3.1,0.2,0,0,신길동,미상,기타서비스,기타건축물,포장마차,126.9045076,37.49733467
2021-04-24 0:11,0:05:50,4.0,4.0,0,0,대림동,음식물 조리중,생활서비스,음식점,일반주점,126.9031774,37.49734413
2021-04-13 23:44,0:01:00,3.5,0.8,0,0,신길동,기기(전기/ 기계 등) 사용.설치부주의,생활서비스,음식점,횟집,126.9043439,37.49755943
2021-04-29 18:33,0:00:56,7.0,0.5,0,0,신길동,음식물 조리중,생활서비스,음식점,중식,126.9046767,37.49827158
2021-07-14 23:14,0:02:55,2.8,2.0,0,0,신길동,절연열화에 의한 단락,주거,단독주택,다가구주택,126.9039471,37.50053423
2023-02-01 14:59,0:02:12,3.3,0.5,0,0,신길동,음식물 조리중,주거,단독주택,다가구주택,126.9044619,37.5007298
2022-10-20 13:43,0:02:41,3.8,0.7,0,0,대림동,미상,주거,공동주택,다세대주택,126.9023492,37.49387115
2022-09-27 18:20,0:03:23,3.8,1.5,0,0,대림동,미상,주거,공동주택,기타 공동주택,126.9021462,37.49404938
2023-05-27 18:33,0:01:59,3.8,1.0,0,0,대림동,음식물 조리중,생활서비스,음식점,한식,126.9004645,37.49454749
2023-04-04 14:45,0:01:32,3.8,2.0,0,0,대림동,절연열화에 의한 단락,주거,단독주택,단독주택,126.9015079,37.49550289
2023-06-23 9:22,0:02:10,3.8,0.7,0,0,대림동,음식물 조리중,주거,단독주택,상가주택(주택부분에서 화재가 발생한 경우에만 해당),126.8999282,37.49759127
2023-01-10 18:38,0:03:00,3.4,1.4,0,0,대림동,담배꽁초,주거,단독주택,단독주택,126.9018875,37.49761517
2023-12-03 23:53,0:02:52,4.2,0.5,0,0,대림동,기기(전기/ 기계 등) 사용.설치부주의,기타서비스,기타건축물,공중화장실,126.8998634,37.49785449
2023-10-26 21:11,0:02:04,3.8,1.8,0,0,대림동,음식물 조리중,주거,단독주택,단독주택,126.901077,37.49794787
2021-12-03 13:30,0:01:58,3.5,0.7,0,0,대림동,오일/연료누설,생활서비스,음식점,치킨/족발,126.8997949,37.49859605
2022-12-21 17:16,0:03:11,3.2,0.6,0,0,대림동,접촉불량에 의한 단락,생활서비스,일상서비스,기타 일상서비스,126.9010508,37.49991105
2023-04-27 11:00,0:02:58,3.2,1.0,0,0,대림동,음식물 조리중,주거,단독주택,다가구주택,126.9011048,37.5003442
2023-02-17 8:11,0:03:45,3.0,1.5,0,0,대림동,미상,주거,단독주택,단독주택,126.9006879,37.50065371
2022-12-14 16:30,0:06:09,3.2,0.5,0,0,대림동,트래킹에 의한 단락,주거,단독주택,단독주택,126.9014323,37.50085931
2022-09-08 19:58,0:02:19,2.7,1.9,0,0,신길동,미상,자동차/철도차량,자동차,승용자동차,126.90157,37.5024725
2021-08-05 23:13,0:02:45,3.4,1.8,0,0,신길동,과열/ 과부하,산업시설,작업장,기타 작업장,126.902265,37.50365438
2021-03-28 4:10,0:02:34,2.9,1.0,0,0,신길동,음식물 조리중,주거,공동주택,다세대주택,126.9026315,37.50381029
2023-10-26 11:58,0:04:59,2.5,2.5,0,0,신길동,미상,판매/업무시설,일반업무,일반빌딩,126.9026128,37.50540199
2023-01-02 11:26,0:04:38,2.2,2.2,0,0,신길동,기타(전기적요인),주거,공동주택,아파트,126.901495,37.50546963
2022-06-07 18:12,0:03:57,2.2,2.2,0,0,신길동,음식물 조리중,주거,공동주택,아파트,126.9004285,37.50598582
2023-01-25 15:13,0:03:43,2.9,2.9,0,0,신길동,불씨/불꽃/화원방치,주거,단독주택,단독주택,126.9025186,37.50624129
2023-05-26 18:41,0:01:38,2.6,0.3,0,0,신길동,용접/ 절단/ 연마,기타,야외,쓰레기,126.9062422,37.49972246
2023-04-22 16:07,0:01:50,3.1,0.5,0,0,신길동,담배꽁초,주거,공동주택,아파트,126.9069052,37.50162573
2023-10-30 12:03,0:03:12,2.6,1.1,0,0,신길동,미상,교육시설,학교,고등학교,126.9055181,37.50365306
2021-12-07 23:44,0:02:06,2.6,1.4,0,0,신길동,층간단락,주거,공동주택,아파트,126.9082776,37.50372029
2023-10-26 18:14,0:02:06,2.6,1.2,0,0,신길동,음식물 조리중,주거,공동주택,아파트,126.9082776,37.50372029
2022-11-01 8:50,0:04:49,2.3,2.3,0,0,신길동,트래킹에 의한 단락,생활서비스,음식점,한식,126.907381,37.50636044
2023-12-29 20:03,0:05:55,2.2,2.2,0,0,신길동,음식물 조리중,주거,공동주택,주상복합아파트,126.9083092,37.5064837
2021-01-19 14:42,0:04:26,2.7,2.7,0,0,신길동,트래킹에 의한 단락,주거,단독주택,다가구주택,126.9056564,37.506793
2021-12-25 21:29,0:04:55,1.8,1.3,0,0,신길동,절연열화에 의한 단락,주거,단독주택,단독주택,126.9080617,37.50697564
2023-08-26 13:29,0:01:15,1.7,1.7,0,3,도림동,절연열화에 의한 단락,주거,단독주택,다가구주택,126.9070208,37.50940294
2022-07-06 21:44,0:01:05,3.0,1.5,0,0,신길동,절연열화에 의한 단락,판매/업무시설,판매시설,상가빌딩,126.9030998,37.50367651
2023-09-09 12:34,0:03:37,2.6,2.6,0,0,신길동,음식물 조리중,주거,단독주택,단독주택,126.9045033,37.50504196
2022-11-09 17:35,0:04:16,2.8,2.8,0,0,신길동,음식물 조리중,주거,단독주택,다가구주택,126.9040461,37.50546578
2023-11-02 17:46,0:04:12,2.8,2.8,1,1,신길동,음식물 조리중,주거,단독주택,단독주택,126.9038166,37.50575094
2022-07-15 18:15,0:03:18,2.7,2.7,0,0,신길동,미상,생활서비스,일상서비스,기타 일상서비스,126.9050254,37.50587581
2023-12-05 22:58,0:02:58,2.7,1.3,0,0,신길동,음식물 조리중,주거,단독주택,다가구주택,126.9045565,37.50599472
2023-08-01 11:58,0:03:37,2.4,2.4,0,0,신길동,오일/연료누설,자동차/철도차량,자동차,승용자동차,126.9046355,37.50729881
2021-10-23 18:18,0:02:49,2.4,1.3,0,0,도림동,음식물 조리중,생활서비스,음식점,한식,126.9029735,37.50763353
2023-02-08 3:44,0:03:57,2.3,2.2,0,0,신길동,자연발화,생활서비스,음식점,치킨/족발,126.9040693,37.50768452
2022-10-07 20:12,0:03:33,2.3,1.7,0,0,도림동,접촉불량에 의한 단락,생활서비스,음식점,중식,126.9039202,37.50804922
2023-08-27 21:28,0:03:59,5.1,2.8,0,0,대림동,음식물 조리중,주거,공동주택,아파트,126.8996873,37.48767567
2021-02-14 15:16,0:02:44,4.5,1.5,0,0,대림동,과열/ 과부하,주거,공동주택,기타 공동주택,126.8986536,37.48848037
2023-01-04 14:43,0:04:08,3.0,1.2,0,0,대림동,음식물 조리중,생활서비스,음식점,기타휴게음식점,126.8989115,37.48875603
2022-12-08 9:57,0:03:06,4.5,2.4,0,0,대림동,미상,주거,단독주택,다중주택,126.8979905,37.48886733
2023-05-28 14:27,0:04:05,5.1,0.6,0,0,대림동,트래킹에 의한 단락,판매/업무시설,일반업무,일반빌딩,126.8994698,37.48921819
2021-06-02 19:21,0:02:26,5.0,1.6,0,0,대림동,음식물 조리중,주거,단독주택,다가구주택,126.8983158,37.48934316
2023-10-17 8:56,0:03:54,4.4,1.8,0,0,대림동,담배꽁초,주거,단독주택,단독주택,126.8991328,37.48961596
2021-12-04 18:10,0:04:11,2.8,1.5,0,0,대림동,불씨/불꽃/화원방치,생활서비스,음식점,중식,126.8986853,37.48963811
2023-12-26 17:10,0:03:53,4.3,2.0,0,0,대림동,음식물 조리중,주거,단독주택,다가구주택,126.8975097,37.49042403
2022-05-21 16:20,0:04:44,4.2,2.0,0,0,대림동,기타(부주의),주거,단독주택,단독주택,126.897681,37.49076827
2023-11-24 3:37,0:04:26,4.1,1.5,0,0,대림동,음식물 조리중,생활서비스,음식점,중식,126.8996023,37.49107771
2021-05-01 14:24,0:03:10,4.7,1.2,0,0,대림동,불씨/불꽃/화원방치,생활서비스,음식점,중식,126.897845,37.49115089
2022-02-18 2:06,0:03:53,4.1,1.2,0,0,대림동,음식물 조리중,생활서비스,음식점,호프집,126.8979877,37.491862
2023-07-10 10:08,0:03:21,4.1,2.0,0,0,대림동,불씨/불꽃/화원방치,생활서비스,음식점,중식,126.8977702,37.49224672
2022-11-23 13:12,0:03:16,4.4,1.0,0,0,대림동,담배꽁초,생활서비스,음식점,중식,126.8969859,37.49273961
2022-06-24 1:04,0:02:50,4.0,1.0,0,0,대림동,절연열화에 의한 단락,판매/업무시설,판매시설,상가빌딩,126.8968015,37.49307805
2023-01-06 0:32,0:02:53,4.3,1.9,0,0,대림동,기타,주거,단독주택,다중주택,126.8976029,37.49456009
2022-09-04 14:20,0:05:00,3.8,1.7,0,0,대림동,음식물 조리중,생활서비스,음식점,중식,126.8981126,37.49490913
2022-06-01 13:04,0:03:27,3.7,1.7,0,0,대림동,음식물 조리중,생활서비스,음식점,중식,126.8973809,37.49510997
2023-02-27 14:53,0:03:00,3.4,1.9,0,0,대림동,기기(전기/ 기계 등) 사용.설치부주의,주거,단독주택,다가구주택,126.8976534,37.49730632
2022-08-01 20:08,0:02:32,4.3,1.2,0,0,대림동,절연열화에 의한 단락,집합시설,종교시설,교회,126.8963451,37.49112418
2022-08-05 0:18,0:03:06,4.0,1.0,0,0,대림동,음식물 조리중,생활서비스,음식점,호프집,126.8964624,37.49237866
2023-11-13 18:52,0:02:15,4.5,2.8,0,0,대림동,층간단락,생활서비스,음식점,중식,126.8965959,37.4925051
2023-11-22 9:02,0:03:05,4.1,2.0,0,0,대림동,기기(전기/ 기계 등) 사용.설치부주의,생활서비스,일상서비스,일반상점,126.8961775,37.49268178
2023-12-15 22:28,0:02:51,4.0,0.8,0,0,대림동,음식물 조리중,주거,공동주택,기타 공동주택,126.8962844,37.49336358
2023-12-07 5:00,0:05:37,3.7,1.2,0,0,대림동,음식물 조리중,주거,단독주택,다중주택,126.8964859,37.4945202
2023-07-26 22:28,0:04:04,3.0,2.0,0,0,대림동,접촉불량에 의한 단락,주거,단독주택,단독주택,126.8964348,37.49511446
2023-11-25 15:40,0:04:04,3.6,2.0,0,0,대림동,기기(전기/ 기계 등) 사용.설치부주의,산업시설,작업장,기타 작업장,126.8963534,37.49688297
2023-10-23 21:53,0:01:29,3.6,2.1,0,0,대림동,접촉불량에 의한 단락,주거,공동주택,아파트,126.8943168,37.49747457
2021-08-31 22:19,0:04:08,3.6,1.1,0,0,대림동,담배꽁초,생활서비스,음식점,한식,126.8966377,37.49898725
2022-09-18 19:31,0:02:05,3.4,0.7,0,0,대림동,트래킹에 의한 단락,자동차/철도차량,자동차,승용자동차,126.8985337,37.49734546
2023-05-13 16:34,0:00:57,3.9,0.5,0,0,대림동,방화의심,판매/업무시설,일반업무,일반회사,126.8984241,37.49756332
2021-07-02 16:00,0:03:03,3.1,1.2,0,0,대림동,담배꽁초,기타,야외,쓰레기,126.8979414,37.49879016
2021-04-18 19:59,0:03:54,4.4,1.1,0,0,대림동,압착/손상에 의한 단락,운수자동차시설,자동차시설,카센터,126.8985194,37.49896131
2022-02-09 13:31,0:03:24,3.3,0.8,0,0,대림동,용접/ 절단/ 연마,판매/업무시설,판매시설,기타 판매시설,126.8996229,37.5015539
2023-04-07 9:15,0:04:50,3.4,1.6,0,0,대림동,음식물 조리중,주거,단독주택,다중주택,126.8974728,37.50176118
2021-06-24 0:15,0:04:29,3.8,1.7,0,0,대림동,트래킹에 의한 단락,주거,단독주택,다가구주택,126.8984943,37.50241601
2022-10-09 15:48,0:04:11,3.2,1.2,0,0,대림동,음식물 조리중,생활서비스,음식점,한식,126.8972797,37.5025448
2022-01-17 8:49,0:03:14,3.2,1.1,0,0,대림동,담배꽁초,기타,야외,기타야외,126.8971656,37.50299439
2022-02-20 12:41,0:04:03,3.0,0.4,0,1,대림동,담배꽁초,주거,단독주택,다가구주택,126.8977156,37.50361548
2023-12-23 9:30,0:03:15,3.2,1.6,0,0,대림동,절연열화에 의한 단락,생활서비스,일상서비스,기타 일상서비스,126.8966513,37.49956922
2023-04-15 12:33,0:04:59,3.6,1.3,0,0,대림동,기기(전기/ 기계 등) 사용.설치부주의,기타서비스,기타건축물,기타 건축물,126.8939968,37.49967021
2023-07-26 22:06,0:04:45,3.1,2.0,0,0,대림동,트래킹에 의한 단락,주거,단독주택,단독주택,126.8952737,37.50088339
2021-09-09 14:34,0:04:20,2.9,1.4,0,0,대림동,음식물 조리중,주거,공동주택,아파트,126.8938289,37.50166309
2022-09-10 9:39,0:04:47,2.8,1.4,0,0,대림동,트래킹에 의한 단락,주거,공동주택,아파트,126.894276,37.50264351
2023-09-06 17:01,0:04:09,3.0,2.0,0,0,대림동,접촉불량에 의한 단락,주거,공동주택,아파트,126.894276,37.50264351
2021-04-06 12:24,0:02:39,3.0,1.7,0,0,대림동,담배꽁초,기타,야외,쓰레기,126.8953541,37.50325526
2023-01-13 8:58,0:04:20,2.7,2.1,0,0,대림동,트래킹에 의한 단락,주거,공동주택,아파트,126.8951535,37.50623471
2021-11-17 13:34,0:03:19,2.7,1.3,0,0,대림동,접촉불량에 의한 단락,주거,공동주택,아파트,126.8951535,37.50623471
2022-03-25 21:00,0:06:16,3.0,1.8,0,0,대림동,담배꽁초,주거,공동주택,아파트,126.8951535,37.50623471
2022-09-06 15:25,0:03:19,2.5,1.0,0,0,대림동,음식물 조리중,주거,공동주택,다세대주택,126.8985897,37.50364642
2021-06-23 4:02,0:03:41,2.9,1.5,0,0,대림동,불씨/불꽃/화원방치,주거,공동주택,다세대주택,126.8981527,37.50401347
2023-05-16 6:00,0:04:30,3.5,1.7,0,0,대림동,미상,주거,단독주택,다중주택,126.8974485,37.50455166
2022-01-07 1:34,0:05:29,3.1,3.1,0,0,도림동,미상,기타,도로,기타도로,126.8976484,37.5054935
2021-12-19 0:13,0:04:54,2.2,2.2,0,0,도림동,불씨/불꽃/화원방치,주거,단독주택,단독주택,126.8996345,37.50689192
2022-10-21 16:28,0:01:38,2.4,2.4,0,0,도림동,담배꽁초,기타,야외,쓰레기,126.8980354,37.5068937
2022-09-11 11:58,0:04:03,2.2,2.2,0,0,도림동,음식물 조리중,주거,단독주택,단독주택,126.8995768,37.50700522
2023-11-20 4:38,0:05:50,2.5,2.5,0,5,도림동,미상,주거,공동주택,기타 공동주택,126.898845,37.50729679
2021-08-20 12:55,0:04:04,2.0,2.0,0,0,도림동,유류 취급중,자동차/철도차량,자동차,화물자동차,126.897382,37.50785334
2022-09-07 15:00,0:03:57,2.0,2.0,0,0,도림동,음식물 조리중,주거,단독주택,다가구주택,126.8991548,37.50856576
2023-05-28 10:23,0:04:31,2.3,1.6,0,0,도림동,트래킹에 의한 단락,생활서비스,음식점,제과점/빵집/떡집(휴게),126.8966312,37.50847861
2022-02-06 17:01,0:04:26,2.7,2.7,0,0,도림동,기기(전기/ 기계 등) 사용.설치부주의,생활서비스,일상서비스,고시원(원룸텔),126.8964801,37.50896259
2023-05-16 13:23,0:04:35,2.9,2.9,0,0,문래동1가,기기(전기/ 기계 등) 사용.설치부주의,산업시설,창고시설,창고/ 물품저장소,126.8925421,37.51005722
2022-10-08 16:25,0:04:23,1.8,1.8,0,0,문래동1가,담배꽁초,생활서비스,일상서비스,기타 일상서비스,126.8925421,37.51005722
2021-04-25 4:34,0:04:13,3.0,3.0,0,0,도림동,방화,주거,단독주택,단독주택,126.8955041,37.5101889
2023-01-23 16:48,0:04:06,2.0,2.0,0,0,문래동1가,접촉불량에 의한 단락,생활서비스,일상서비스,기타 일상서비스,126.8925639,37.51099743
2021-05-01 19:48,0:03:55,2.0,2.0,0,1,문래동2가,미상,판매/업무시설,숙박시설,여관,126.8925249,37.51186966
2023-09-01 19:21,0:04:23,1.5,1.5,0,0,문래동2가,담배꽁초,기타,야외,쓰레기,126.8937471,37.51248552
2023-07-28 16:06,0:04:40,1.7,1.7,0,0,문래동2가,음식물 조리중,생활서비스,음식점,치킨/족발,126.8930798,37.51325528
2022-01-14 16:40,0:03:15,1.5,1.5,0,0,문래동2가,절연열화에 의한 단락,생활서비스,음식점,커피숍/다방/카페(휴게),126.8940308,37.51326109
2023-11-05 8:42,0:04:18,2.1,2.1,0,0,도림동,음식물 조리중,주거,단독주택,다가구주택,126.8972602,37.50862945
2022-04-18 8:04,0:04:27,1.0,1.0,0,0,도림동,자연발화,판매/업무시설,판매시설,시장,126.8984536,37.50989558
2021-04-02 21:09,0:04:31,3.0,3.0,0,0,도림동,가연물 근접방치,판매/업무시설,일반업무,오피스텔,126.8986889,37.51010211
2021-08-23 11:03,0:03:42,2.5,2.5,0,0,도림동,용접/ 절단/ 연마,집합시설,종교시설,교회,126.8974675,37.51018386
2023-10-16 10:34,0:04:36,1.9,1.5,0,0,도림동,음식물 조리중,주거,공동주택,다세대주택,126.8973403,37.5103863
2022-11-19 15:26,0:04:55,2.4,3.0,0,0,도림동,불씨/불꽃/화원방치,생활서비스,음식점,한식,126.8987651,37.51102129
2023-05-09 18:33,0:03:36,1.4,1.4,0,0,문래동1가,담배꽁초,산업시설,공장시설,인쇄업,126.8968947,37.5120643
2022-03-24 10:47,0:04:02,1.3,1.3,0,0,문래동1가,용접/ 절단/ 연마,산업시설,공장시설,인쇄업,126.8968947,37.5120643
2021-05-12 16:38,0:04:04,1.5,1.5,0,0,문래동3가,불씨/불꽃/화원방치,산업시설,공장시설,금속기계 및 기구공업,126.8977479,37.51384966
2023-07-30 14:16,0:03:28,1.5,1.5,0,0,문래동3가,미상,자동차/철도차량,자동차,승용자동차,126.8973904,37.51627575
2022-01-17 18:50,0:03:00,1.6,1.6,0,0,문래동2가,불씨/불꽃/화원방치,산업시설,작업장,공업사,126.8937988,37.51341297
2023-11-07 16:33,0:09:44,1.8,1.8,0,0,문래동2가,미상,생활서비스,음식점,한식,126.8926577,37.5135698
2023-02-24 8:45,0:03:12,1.4,1.4,0,0,문래동2가,미상,생활서비스,음식점,일식,126.8948312,37.51361563
2021-03-20 10:33,0:03:07,1.6,1.6,0,0,문래동2가,미상,집합시설,운동시설,기타 운동시설,126.8957196,37.51364903
2021-04-13 20:56,0:03:04,1.8,1.8,0,0,문래동2가,불씨/불꽃/화원방치,생활서비스,음식점,치킨/족발,126.8927578,37.513669
2023-05-07 21:47,0:04:18,1.0,1.0,0,0,문래동3가,담배꽁초,기타,야외,쓰레기,126.8965536,37.51374068
2022-01-16 22:09,0:03:39,1.5,1.5,0,0,문래동3가,기기(전기/ 기계 등) 사용.설치부주의,산업시설,작업장,철공소,126.8966003,37.51433394
2023-03-23 15:04,0:04:12,0.9,0.9,0,0,문래동4가,절연열화에 의한 단락,산업시설,공장시설,금속기계 및 기구공업,126.8922023,37.51440074
2022-06-01 2:26,0:04:58,1.0,1.0,0,0,문래동3가,담배꽁초,생활서비스,음식점,한식,126.8950386,37.5145297
2021-05-28 10:28,0:04:29,1.5,1.5,0,0,문래동4가,절연열화에 의한 단락,산업시설,작업장,공업사,126.892219,37.51472962
2022-07-19 13:48,0:02:52,1.5,1.5,0,0,문래동2가,미상,주거,공동주택,아파트,126.8912497,37.5128159
2022-03-18 0:17,0:04:05,1.7,1.7,0,0,문래동4가,과열/ 과부하,주거,공동주택,아파트,126.8903955,37.51341761
2021-01-29 7:04,0:01:48,1.9,1.9,0,0,문래동4가,과열/ 과부하,기타,야외,기타야외,126.8915281,37.51398773
2022-02-23 19:10,0:04:49,1.6,1.6,0,0,문래동4가,가연물 근접방치,산업시설,작업장,기타 작업장,126.8909615,37.51406451
2023-11-14 20:27,0:04:32,2.0,2.0,0,0,문래동5가,과부하/과전류,자동차/철도차량,자동차,버스,126.8865622,37.51528835
2021-04-12 2:44,0:04:56,2.5,2.5,0,0,문래동4가,교통사고,자동차/철도차량,자동차,오토바이,126.8882892,37.51536433
2022-10-26 13:59,0:04:29,2.0,2.0,0,0,문래동4가,불씨/불꽃/화원방치,생활서비스,음식점,기타휴게음식점,126.8901177,37.51574347
2022-04-13 16:42,0:04:14,2.0,2.0,0,0,문래동4가,미상,산업시설,공장시설,금속기계 및 기구공업,126.8884085,37.51575214
2022-12-17 23:37,0:04:46,2.0,2.0,0,0,문래동4가,기기(전기/ 기계 등) 사용.설치부주의,기타,야외,기타야외,126.8903033,37.51630839
2023-11-25 5:47,0:03:41,1.7,1.7,0,0,문래동5가,불씨/불꽃/화원방치,판매/업무시설,일반업무,오피스텔,126.8879516,37.51663262
2022-06-03 20:20,0:03:41,2.2,2.2,0,0,도림동,담배꽁초,판매/업무시설,일반업무,일반빌딩,126.9000787,37.50634404
2021-11-15 16:18,0:04:02,2.0,2.0,0,0,도림동,트래킹에 의한 단락,교육시설,연구/학원,기타 연구/학원,126.9007733,37.50671773
2022-10-31 7:32,0:03:47,2.6,2.6,0,6,도림동,미확인단락,운수자동차시설,역사/터미널,지하철역사,126.9013019,37.507476
2022-06-18 17:16,0:03:31,2.3,1.4,0,0,도림동,음식물 조리중,주거,공동주택,다세대주택,126.9011553,37.5083913
2023-06-04 19:55,0:03:30,2.3,1.6,0,0,도림동,담배꽁초,주거,단독주택,다가구주택,126.9010297,37.50842165
2023-01-29 22:06,0:04:37,2.1,2.1,0,1,도림동,불씨/불꽃/화원방치,주거,단독주택,상가주택(주택부분에서 화재가 발생한 경우에만 해당),126.9021276,37.50879018
2023-04-04 2:41,0:03:00,2.9,2.9,0,0,도림동,담배꽁초,주거,단독주택,다가구주택,126.9004594,37.50890141
2022-03-14 3:20,0:04:37,2.4,2.4,0,0,도림동,음식물 조리중,주거,공동주택,아파트,126.9001766,37.51039494
2022-12-14 19:35,0:04:58,2.4,1.5,0,0,도림동,음식물 조리중,주거,공동주택,아파트,126.9001766,37.51039494
2023-07-27 12:35,0:04:12,1.6,1.6,0,0,영등포동,기기(전기/ 기계 등) 사용.설치부주의,주거,공동주택,아파트,126.9023257,37.51175428
2021-08-20 0:33,0:03:32,2.0,2.0,0,0,도림동,음식물 조리중,생활서비스,음식점,중식,126.9051341,37.50881723
2021-06-22 14:21,0:04:19,2.0,2.0,0,0,도림동,자연적 재해,생활서비스,일상서비스,기타 일상서비스,126.9052892,37.50906648
2023-11-25 14:32,0:03:55,2.0,2.0,0,0,도림동,담배꽁초,주거,단독주택,다가구주택,126.905387,37.50911062
2023-07-25 6:14,0:04:24,1.8,1.8,0,0,도림동,음식물 조리중,주거,단독주택,다중주택,126.9042178,37.50921797
2023-07-30 13:27,0:02:49,1.7,1.7,0,0,도림동,음식물 조리중,주거,단독주택,다중주택,126.90488,37.50925878
2023-12-26 17:26,0:01:21,1.2,1.2,0,0,영등포동,음식물 조리중,주거,공동주택,다세대주택,126.9049457,37.51018327
2023-09-26 16:34,0:03:57,0.8,0.8,0,0,영등포동,과열/ 과부하,자동차/철도차량,철도차량,전동차,126.9051899,37.51388245
2022-09-05 23:42,0:02:44,0.8,0.8,0,0,문래동1가,트래킹에 의한 단락,산업시설,공장시설,그 밖의 공업,126.9034376,37.51456137
2022-01-06 4:15,0:03:33,1.3,1.3,0,1,영등포동,미상,기타서비스,기타건축물,공중화장실,126.9046144,37.51474884
2023-01-27 22:42,0:03:03,1.0,1.0,0,0,영등포동,음식물 조리중,기타서비스,기타건축물,기타 건축물,126.9045997,37.51507751
2023-12-13 16:14,0:04:34,2.4,2.4,0,0,영등포동,음식물 조리중,주거,단독주택,다가구주택,126.90709,37.51240892
2023-03-25 17:00,0:04:35,1.9,1.9,0,0,영등포동,담배꽁초,기타,야외,쓰레기,126.9064419,37.51245481
2023-09-09 13:33,0:03:15,1.4,1.4,0,0,영등포동,음식물 조리중,주거,단독주택,단독주택,126.9077012,37.51287909
2023-05-20 23:03,0:04:06,1.9,1.9,0,0,영등포동,접촉불량에 의한 단락,주거,단독주택,다가구주택,126.9067528,37.51291277
2023-10-17 22:05,0:03:55,1.7,1.7,0,0,영등포동,미확인단락,생활서비스,일상서비스,기타 일상서비스,126.9064159,37.51292151
2023-11-03 22:40,0:02:30,1.3,1.3,0,0,영등포동,방화,주거,공동주택,다세대주택,126.9084673,37.51310683
2021-09-26 9:00,0:04:05,1.5,1.5,0,0,영등포동,담배꽁초,생활서비스,일상서비스,고시원(원룸텔),126.9077005,37.51382875
2023-06-08 10:03,0:03:17,1.0,1.0,0,0,영등포동,음식물 조리중,생활서비스,일상서비스,고시원(원룸텔),126.9083916,37.51450811
2023-11-29 8:33,0:01:36,1.4,1.4,0,0,영등포동,미확인단락,주거,단독주택,다가구주택,126.9080395,37.51474642
2021-07-01 20:39,0:03:27,1.4,1.4,0,0,영등포동,기타(전기적요인),운수자동차시설,역사/터미널,철도역사,126.907666,37.51566803
2021-11-02 20:51,0:04:49,2.0,2.0,0,0,영등포동,담배꽁초,자동차/철도차량,자동차,승용자동차,126.9023257,37.51175428
2022-08-05 18:01,0:04:51,2.6,2.6,0,0,영등포동,음식물 조리중,주거,공동주택,아파트,126.9023257,37.51175428
2021-03-22 0:56,0:03:09,2.1,2.1,0,0,문래동1가,미상,산업시설,작업장,공업사,126.9011714,37.51410747
2021-10-20 14:01,0:01:38,0.7,0.7,0,0,문래동1가,용접/ 절단/ 연마,산업시설,작업장,철공소,126.9019102,37.51440911
2022-03-04 1:50,0:02:35,1.0,1.0,0,0,문래동3가,기기(전기/ 기계 등) 사용.설치부주의,산업시설,작업장,철공소,126.9009796,37.51487415
2021-04-09 15:45,0:02:43,0.8,0.8,0,0,문래동3가,담배꽁초,기타,야외,쓰레기,126.9013891,37.51730531
2023-12-19 12:27,0:02:02,0.5,0.5,0,0,문래동3가,음식물 조리중,판매/업무시설,판매시설,상가빌딩,126.9000769,37.5177939
2021-07-07 0:11,0:01:35,1.2,1.2,0,0,문래동3가,과부하/과전류,주거,공동주택,주상복합아파트,126.9000769,37.5177939
2023-01-25 10:52,0:02:02,0.5,0.5,0,0,영등포동4가,트래킹에 의한 단락,생활서비스,일상서비스,인쇄소,126.9019613,37.51867441
2023-12-09 6:09,0:04:55,0.8,2.8,0,1,당산동1가,가스누출(폭발),판매/업무시설,숙박시설,여관,126.9003314,37.52087969
2022-03-10 22:39,0:03:52,0.5,0.5,0,0,영등포동,방화,기타,야외,기타야외,126.907666,37.51566803
2021-11-29 8:19,0:03:32,0.8,0.8,0,0,영등포동,담배꽁초,기타,야외,기타야외,126.907666,37.51566803
2022-05-03 21:15,0:03:06,0.4,0.4,0,0,영등포동,미상,기타,야외,쓰레기,126.907666,37.51566803
2022-05-23 7:14,0:03:20,0.4,0.4,0,0,영등포동,접촉불량에 의한 단락,생활서비스,음식점,제과점/빵집/떡집(휴게),126.907666,37.51566803
2022-01-28 6:01,0:03:55,0.6,0.6,0,0,영등포동,미상,운수자동차시설,역사/터미널,철도역사,126.907666,37.51566803
2022-06-14 19:34,0:01:39,2.4,2.4,0,0,영등포동4가,미상,자동차/철도차량,자동차,승용자동차,126.9058605,37.51626722
2022-10-09 13:41,0:02:39,0.3,0.3,0,0,영등포동3가,과열/ 과부하,생활서비스,오락시설,노래연습장,126.9068113,37.51688471
2022-09-24 12:04,0:03:35,0.3,0.3,0,0,영등포동3가,담배꽁초,생활서비스,음식점,호프집,126.9070417,37.5170723
2021-09-08 19:28,0:03:28,1.9,1.9,0,0,영등포동3가,미상,생활서비스,위락시설,기타 위락시설,126.9079737,37.51709519
2023-07-25 12:39,0:02:10,0.3,0.3,0,0,영등포동4가,음식물 조리중,판매/업무시설,판매시설,백화점,126.9055671,37.51718997
2023-12-27 21:14,0:02:18,1.1,1.1,0,0,영등포동,담배꽁초,기타,야외,쓰레기,126.9042169,37.51510937
2023-02-23 12:15,0:04:18,0.6,0.6,0,0,영등포동,미상,주거,공동주택,기타 공동주택,126.9048859,37.51521542
2023-09-26 6:39,0:03:28,0.7,0.7,0,0,영등포동,트래킹에 의한 단락,주거,기타주택,기타 주택,126.9044808,37.51532916
2022-06-04 23:00,0:02:39,0.6,0.6,0,0,영등포동,접촉불량에 의한 단락,의료/복지시설,노유자시설,기타 노유자시설,126.9054567,37.51572728
2022-03-11 18:01,0:02:32,0.9,0.9,0,0,영등포동4가,절연열화에 의한 단락,산업시설,창고시설,창고/ 물품저장소,126.9050538,37.51628108
2023-10-14 9:27,0:01:53,0.3,0.3,0,0,영등포동4가,음식물 조리중,판매/업무시설,판매시설,백화점,126.903716,37.51723326
2022-07-16 7:08,0:02:10,0.5,0.5,0,0,영등포동4가,접촉불량에 의한 단락,생활서비스,음식점,제과점/빵집/떡집(휴게),126.903716,37.51723326
2021-12-22 23:13,0:01:56,0.5,0.5,0,1,영등포동4가,기기(전기/ 기계 등) 사용.설치부주의,판매/업무시설,판매시설,백화점,126.903716,37.51723326
2023-06-14 9:33,0:01:03,0.5,0.5,0,1,영등포동4가,용접/ 절단/ 연마,판매/업무시설,일반업무,오피스텔,126.9052812,37.5183444
2023-12-22 13:00,0:01:55,0.1,0.1,0,0,영등포동4가,기기(전기/ 기계 등) 사용.설치부주의,주거,공동주택,기타 공동주택,126.9032512,37.51847608
2021-12-17 5:36,0:03:20,0.7,0.7,0,0,영등포동3가,미확인단락,생활서비스,음식점,횟집,126.9078237,37.5172159
2021-11-30 0:16,0:02:47,1.4,1.4,0,0,영등포동3가,미상,생활서비스,음식점,한식,126.9082149,37.51734253
2023-11-26 17:51,0:04:55,0.8,0.8,0,0,영등포동3가,불씨/불꽃/화원방치,생활서비스,일상서비스,기타 일상서비스,126.90794,37.5174908
2023-07-29 0:14,0:03:16,0.5,0.5,0,0,영등포동3가,음식물 조리중,판매/업무시설,판매시설,상가빌딩,126.906507,37.51761761
2021-11-11 13:28,0:04:20,1.4,1.4,0,0,영등포동3가,불씨/불꽃/화원방치,기타,야외,기타야외,126.9085825,37.51764456
2022-07-30 22:26,0:04:36,0.9,0.9,0,0,영등포동3가,담배꽁초,기타,야외,쓰레기,126.9075632,37.5176625
2022-10-29 15:30,0:04:17,0.8,0.8,0,0,영등포동3가,불씨/불꽃/화원방치,판매/업무시설,숙박시설,모텔,126.9078926,37.51768267
2022-04-13 9:55,0:03:25,1.3,1.3,0,0,영등포동3가,자연발화,생활서비스,음식점,치킨/족발,126.9077155,37.51774903
2023-01-01 17:16,0:02:43,1.3,1.3,0,0,영등포동3가,방화의심,판매/업무시설,숙박시설,여관,126.9083194,37.51786095
2022-12-09 3:09,0:04:11,0.2,0.2,0,0,영등포동3가,미상,생활서비스,위락시설,유흥주점,126.9061795,37.51836257
2023-03-12 21:46,0:03:00,1.2,1.2,0,0,영등포동3가,담배꽁초,기타,야외,쓰레기,126.9068967,37.51852037
2023-02-02 22:02,0:04:37,1.3,1.3,0,0,영등포동3가,담배꽁초,기타,야외,쓰레기,126.9085241,37.51853155
2022-04-15 3:24,0:04:02,1.0,1.0,1,2,영등포동3가,방화,생활서비스,음식점,한식,126.9075942,37.51855777
2023-09-27 2:08,0:03:44,1.1,1.1,0,0,영등포동3가,음식물 조리중,주거,단독주택,단독주택,126.9066883,37.51863805
2021-10-02 18:22,0:04:43,1.0,1.0,0,0,영등포동3가,불씨/불꽃/화원방치,생활서비스,음식점,중식,126.9067419,37.51887542
2023-01-19 1:11,0:03:40,1.4,1.4,0,0,영등포동3가,압착/손상에 의한 단락,생활서비스,위락시설,유흥주점,126.9079695,37.51889774
2022-08-16 20:25,0:04:33,0.6,0.6,0,0,영등포동3가,담배꽁초,판매/업무시설,일반업무,오피스텔,126.9063837,37.5192586
2022-10-18 11:32,0:02:10,1.0,1.0,0,0,영등포동3가,용접/ 절단/ 연마,생활서비스,음식점,분식,126.9071529,37.51927561
2022-12-20 20:24,0:03:11,0.3,0.3,0,0,영등포동3가,절연열화에 의한 단락,기타,야외,공터,126.9058459,37.51947766
2022-06-18 8:56,0:02:40,1.0,1.0,0,0,영등포동2가,담배꽁초,기타,도로,기타도로,126.9082703,37.51960138
2023-07-22 13:00,0:01:00,0.5,0.5,0,0,영등포동4가,담배꽁초,기타,야외,쓰레기,126.9052913,37.5185121
2021-06-14 15:40,0:02:08,0.9,0.9,0,0,영등포동4가,용접/ 절단/ 연마,판매/업무시설,일반업무,금융기관(농협 등),126.9050384,37.51877108
2023-05-13 1:09,0:02:25,0.5,0.5,0,0,영등포동4가,방화,생활서비스,일상서비스,고시원(원룸텔),126.9043056,37.51877328
2021-03-02 22:40,0:01:50,0.5,0.5,0,0,영등포동4가,음식물 조리중,기타서비스,기타건축물,기타 건축물,126.9049183,37.5187793
2023-02-06 11:07,0:03:00,0.3,0.3,0,0,영등포동4가,미확인단락,교육시설,연구/학원,기타 연구/학원,126.9043414,37.51906866
2022-04-08 12:54,0:02:42,0.5,0.5,0,0,영등포동4가,미확인단락,생활서비스,음식점,한식,126.9043414,37.51906866
2023-07-24 21:20,0:01:27,0.3,0.3,0,0,영등포동4가,기기(전기/ 기계 등) 사용.설치부주의,판매/업무시설,숙박시설,호텔,126.904705,37.51915238
2022-06-14 21:54,0:01:41,1.0,1.0,0,0,영등포동6가,담배꽁초,생활서비스,음식점,호프집,126.90405,37.52051336
2023-08-26 23:05,0:02:32,0.7,0.7,0,0,영등포동6가,음식물 조리중,생활서비스,음식점,한식,126.9031514,37.52069454
2023-02-07 15:40,0:05:00,1.0,1.0,0,0,영등포동6가,제조상결함,판매/업무시설,숙박시설,모텔,126.903936,37.52084069
2021-09-04 13:27,0:04:12,0.8,0.8,0,0,영등포동2가,담배꽁초,기타,야외,기타야외,126.9082703,37.51960138
2023-02-06 8:13,0:03:56,0.8,0.8,0,0,영등포동5가,가연물 근접방치,생활서비스,일상서비스,일반상점,126.9078921,37.51961614
2021-07-16 15:35,0:04:03,1.0,1.0,0,0,영등포동2가,압착/손상에 의한 단락,기타,도로,기타도로,126.9083024,37.51986784
2023-01-04 14:00,0:04:09,1.0,1.0,0,0,영등포동2가,과부하/과전류,판매/업무시설,판매시설,전통시장,126.9083024,37.51986784
2023-02-03 20:58,0:04:33,1.2,1.2,0,0,영등포동5가,가연물 근접방치,기타,야외,기타야외,126.9073397,37.52022559
2022-09-10 8:20,0:04:43,0.7,0.7,0,0,영등포동5가,미상,판매/업무시설,판매시설,시장,126.906937,37.52032574
2022-03-06 12:15,0:03:04,1.0,1.0,0,0,영등포동5가,불씨/불꽃/화원방치,산업시설,작업장,기타 작업장,126.9062205,37.52050636
2023-04-07 14:36,0:02:10,0.5,0.5,0,0,영등포동5가,음식물 조리중,주거,공동주택,주상복합아파트,126.9056598,37.52059746
2023-06-15 1:47,0:03:00,0.6,0.6,0,1,영등포동5가,미상,판매/업무시설,일반업무,오피스텔,126.9059628,37.52082935
2022-06-04 18:51,0:03:10,1.0,1.0,0,0,영등포동5가,누전/지락,판매/업무시설,판매시설,상가빌딩,126.90706,37.521857
2023-02-12 12:16,0:04:42,1.4,0.9,0,0,신길동,음식물 조리중,주거,단독주택,다가구주택,126.9132086,37.51276416
2023-10-19 23:17,0:03:43,1.8,0.9,0,0,신길동,담배꽁초,기타,야외,쓰레기,126.9157144,37.51283544
2022-04-01 21:38,0:04:23,2.5,1.0,0,0,신길동,담배꽁초,주거,공동주택,아파트,126.9161603,37.51298677
2022-08-24 3:13,0:03:34,1.6,0.7,0,0,신길동,접촉불량에 의한 단락,주거,단독주택,단독주택,126.9165458,37.51302587
2022-08-25 20:20,0:03:30,1.6,0.7,0,0,신길동,절연열화에 의한 단락,주거,단독주택,단독주택,126.9166768,37.51303705
2022-06-30 6:16,0:05:35,2.5,1.5,0,0,신길동,트래킹에 의한 단락,주거,단독주택,다가구주택,126.913734,37.51311368
2022-08-25 4:58,0:02:18,2.6,0.4,0,0,신길동,과열/ 과부하,산업시설,작업장,기타 작업장,126.9207344,37.51319995
2021-11-26 20:34,0:02:35,1.5,0.5,0,0,신길동,기타(기계적요인),주거,단독주택,단독주택,126.9207344,37.51319995
2022-10-26 0:40,0:02:54,2.5,0.6,0,0,신길동,담배꽁초,주거,단독주택,단독주택,126.9187261,37.51324634
2023-10-17 13:50,0:02:13,1.9,0.7,0,0,신길동,음식물 조리중,판매/업무시설,일반업무,오피스텔,126.9181888,37.51389748
2023-05-18 12:18,0:03:45,1.2,1.2,0,0,신길동,음식물 조리중,주거,단독주택,다가구주택,126.9110116,37.51264206
2021-07-09 13:23,0:02:40,1.8,1.8,0,0,신길동,음식물 조리중,주거,단독주택,다가구주택,126.9110116,37.51264206
2023-12-16 15:10,0:04:43,2.0,2.2,0,0,신길동,음식물 조리중,주거,단독주택,단독주택,126.9110116,37.51264206
2022-10-17 15:20,0:04:36,2.3,1.4,0,0,신길동,절연열화에 의한 단락,주거,단독주택,다가구주택,126.912929,37.51293956
2022-12-25 17:50,0:04:39,2.2,1.5,0,0,신길동,기기(전기/ 기계 등) 사용.설치부주의,주거,단독주택,단독주택,126.9124906,37.51304159
2022-04-06 6:29,0:03:44,1.3,1.3,0,0,영등포동,오일/연료누설,자동차/철도차량,건설기계,기타 건설기계,126.9086319,37.51321229
2022-05-04 21:19,0:05:05,1.8,1.8,2,0,영등포동,미상,주거,공동주택,아파트,126.9124406,37.51470967
2021-01-13 16:58,0:03:57,2.2,2.2,0,0,영등포동,과부하/과전류,생활서비스,일상서비스,고시원(원룸텔),126.9089487,37.51524258
2022-09-09 17:21,0:04:28,2.3,2.3,0,0,영등포동,담배꽁초,주거,공동주택,아파트,126.9097749,37.51582995
2021-01-04 13:56,0:02:35,1.0,1.0,0,0,영등포동1가,기타(전기적요인),판매/업무시설,숙박시설,호텔,126.9114694,37.517133
2023-08-16 1:32,0:02:50,2.5,2.2,0,0,신길동,음식물 조리중,생활서비스,음식점,한식,126.9255922,37.51384057
2022-12-30 23:50,0:03:05,2.3,0.5,0,0,신길동,트래킹에 의한 단락,판매/업무시설,숙박시설,호텔,126.9216062,37.51385114
2023-03-26 15:27,0:02:29,3.0,0.8,0,0,신길동,담배꽁초,기타,도로,기타도로,126.9260662,37.51436453
2023-01-31 0:51,0:02:17,2.5,1.0,0,0,신길동,담배꽁초,기타,야외,쓰레기,126.924728,37.51465975
2023-08-12 10:10,0:12:00,5.0,5.0,0,0,신길동,노후,기타,도로,기타도로,126.9248919,37.51480438
2023-05-25 19:21,0:06:20,5.0,3.1,0,0,신길동,담배꽁초,기타,야외,기타야외,126.922955,37.51565179
2022-04-10 0:18,0:04:29,7.2,3.3,0,0,신길동,담배꽁초,임야,들불,숲,126.9211997,37.51623169
2023-05-30 10:13,0:04:46,2.6,1.1,0,0,여의도동,과열/ 과부하,자동차/철도차량,자동차,버스,126.9290797,37.5166297
2021-03-04 19:13,0:03:10,5.2,2.8,0,0,여의도동,미상,자동차/철도차량,자동차,승용자동차,126.9415651,37.5168117
2022-08-26 9:17,0:04:26,3.0,0.7,0,0,신길동,미상,자동차/철도차량,자동차,승용자동차,126.9183962,37.51474132
2022-04-24 19:31,0:04:19,2.3,1.8,0,0,신길동,방화의심,기타,야외,쓰레기,126.9137533,37.51488128
2023-01-12 16:41,0:04:11,1.7,0.9,0,0,신길동,용접/ 절단/ 연마,주거,공동주택,아파트,126.9167266,37.5149447
2022-01-12 16:20,0:03:31,2.5,0.7,0,0,신길동,미확인단락,주거,단독주택,다중주택,126.9204228,37.51519897
2022-04-14 5:46,0:04:47,2.6,0.9,0,0,신길동,담배꽁초,기타,야외,쓰레기,126.9198561,37.51578938
2023-11-29 2:05,0:05:25,1.2,1.2,0,1,영등포동1가,기타,주거,기타주택,기타 주택,126.9130587,37.5171695
2021-01-29 7:37,0:03:48,1.9,1.2,0,0,신길동,가연물 근접방치,판매/업무시설,일반업무,오피스텔,126.917796,37.51738121
2022-02-03 12:51,0:04:46,2.0,2.0,0,0,신길동,오일/연료누설,자동차/철도차량,자동차,화물자동차,126.917796,37.51738121
2023-04-13 23:36,0:04:00,2.0,1.2,0,0,신길동,음식물 조리중,판매/업무시설,일반업무,오피스텔,126.917796,37.51738121
2023-03-21 20:51,0:04:30,1.1,1.1,0,0,영등포동1가,가연물 근접방치,판매/업무시설,일반업무,오피스텔,126.9137466,37.51820607
2021-04-14 6:05,0:01:29,1.9,1.9,0,0,영등포동1가,담배꽁초,주거,공동주택,아파트,126.9127497,37.5171864
2022-01-28 11:45,0:03:46,1.6,1.6,0,0,영등포동1가,음식물 조리중,판매/업무시설,일반업무,오피스텔,126.9116744,37.51747148
2021-04-17 22:32,0:02:42,1.3,1.3,0,0,영등포동1가,담배꽁초,판매/업무시설,일반업무,오피스텔,126.9113226,37.51755114
2022-01-21 7:37,0:03:47,1.5,1.5,0,0,영등포동3가,담배꽁초,판매/업무시설,판매시설,상점가,126.9092059,37.51761296
2022-07-02 19:13,0:01:16,0.7,0.7,0,0,영등포동3가,접촉불량에 의한 단락,자동차/철도차량,건설기계,기타 건설기계,126.9096414,37.51767114
2021-06-27 21:16,0:02:45,1.3,1.3,0,0,영등포동1가,가연물 근접방치,판매/업무시설,일반업무,오피스텔,126.9126477,37.51769214
2021-02-23 15:33,0:04:15,1.1,1.1,0,2,영등포동1가,미상,판매/업무시설,일반업무,오피스텔,126.9117769,37.51783
2022-09-07 23:41,0:03:34,0.5,0.5,0,0,영등포동3가,미확인단락,생활서비스,위락시설,유흥주점,126.9091676,37.51795982
2022-09-12 16:54,0:04:17,1.5,1.5,0,0,영등포동3가,음식물 조리중,생활서비스,음식점,한식,126.9109507,37.51815489
2022-03-12 9:54,0:03:20,0.6,0.6,0,0,영등포동3가,담배꽁초,기타,야외,기타야외,126.9113942,37.5183429
2022-02-15 19:55,0:27:43,15.0,8.0,0,0,여의도동,교통사고,자동차/철도차량,자동차,승용자동차,126.9415651,37.5168117
2023-04-21 15:21,0:04:54,5.0,2.0,0,0,여의도동,기타(부주의),임야,들불,기타 들불,126.9426367,37.5180601
2023-11-29 8:56,0:03:05,3.5,0.7,0,0,여의도동,기기(전기/ 기계 등) 사용.설치부주의,의료/복지시설,의료시설,종합병원,126.9367298,37.51827081
2023-06-20 9:13,0:02:18,3.3,1.1,0,0,여의도동,음식물 조리중,생활서비스,일상서비스,기타 일상서비스,126.9339059,37.51839684
2021-01-05 4:22,0:07:28,4.0,1.2,0,0,여의도동,미상,자동차/철도차량,자동차,승용자동차,126.9396296,37.51859533
2021-11-09 10:14,0:01:14,5.0,2.0,0,0,여의도동,절연열화에 의한 단락,주거,공동주택,주상복합아파트,126.9396296,37.51859533
2021-06-06 15:03,0:01:40,3.4,0.8,0,0,여의도동,담배꽁초,기타,야외,기타야외,126.9319433,37.51889795
2022-07-04 20:25,0:02:40,3.2,1.0,0,2,여의도동,방화의심,주거,공동주택,아파트,126.9347086,37.51897627
2021-01-09 16:56,0:02:07,3.6,0.8,0,0,여의도동,과열/ 과부하,주거,공동주택,아파트,126.9347086,37.51897627
2023-11-11 5:58,0:04:53,3.0,0.7,0,0,여의도동,미상,판매/업무시설,일반업무,금융기관(농협 등),126.9275681,37.51901986
2021-10-18 19:21,0:02:55,1.4,1.4,0,0,영등포동3가,접촉불량에 의한 단락,기타,야외,기타야외,126.9111355,37.51842245
2021-06-05 0:24,0:03:26,1.6,1.6,0,0,영등포동3가,음식물 조리중,판매/업무시설,일반업무,오피스텔,126.9107759,37.51850894
2021-11-16 11:30,0:03:58,1.3,1.3,0,0,영등포동3가,미상,생활서비스,음식점,한식,126.9104714,37.51858746
2022-09-29 23:22,0:03:12,1.2,1.2,0,1,영등포동2가,미상,생활서비스,위락시설,무도장 및 무도학원,126.9092581,37.51927058
2023-04-23 3:36,0:03:50,0.7,0.7,0,0,영등포동2가,음식물 조리중,판매/업무시설,일반업무,오피스텔,126.9091605,37.51933736
2022-03-19 19:51,0:03:48,1.2,1.2,0,0,영등포동2가,미상,판매/업무시설,일반업무,오피스텔,126.9090292,37.51944592
2021-05-24 11:39,0:04:40,1.4,1.4,0,0,영등포동2가,용접/ 절단/ 연마,주거,단독주택,단독주택,126.9089357,37.5195843
2021-05-08 20:43,0:04:10,1.8,1.8,0,0,영등포동2가,방화의심,판매/업무시설,판매시설,기타 판매시설,126.9086617,37.51979081
2023-02-07 17:00,0:03:36,1.7,1.7,0,0,영등포동2가,미상,생활서비스,일상서비스,고시원(원룸텔),126.9086621,37.5198901
2021-04-10 19:10,0:03:40,1.8,1.8,0,0,영등포동2가,담배꽁초,기타,야외,기타야외,126.910281,37.5201019
2022-08-12 18:18,0:03:57,4.1,1.1,0,0,여의도동,미확인단락,생활서비스,일상서비스,기타 일상서비스,126.9309282,37.51913405
2023-04-01 19:46,0:03:23,3.2,1.0,0,0,여의도동,담배꽁초,판매/업무시설,일반업무,일반빌딩,126.9327655,37.51939099
2021-02-18 6:21,0:02:35,3.4,1.0,0,0,여의도동,역화,기타,야외,야적장,126.9312548,37.51976386
2021-04-27 20:44,0:01:55,3.1,0.7,0,0,여의도동,절연열화에 의한 단락,판매/업무시설,일반업무,금융기관(농협 등),126.9302412,37.51976516
2023-01-22 11:56,0:04:09,3.5,0.5,0,0,여의도동,쓰레기 소각,주거,공동주택,아파트,126.9318,37.52020612
2022-02-14 9:04,0:04:10,3.0,0.5,0,0,여의도동,기기(전기/ 기계 등) 사용.설치부주의,주거,공동주택,아파트,126.9246364,37.52040134
2023-10-26 3:50,0:03:43,3.0,1.2,0,0,여의도동,음식물 조리중,생활서비스,음식점,치킨/족발,126.9292937,37.52044215
2022-04-18 18:46,0:02:44,2.3,0.5,0,0,여의도동,불씨/불꽃/화원방치,생활서비스,음식점,일반주점,126.9299977,37.52070134
2023-01-24 8:46,0:01:42,2.8,0.8,0,0,여의도동,미확인단락,판매/업무시설,일반업무,금융기관(농협 등),126.927894,37.52086775
2022-04-17 20:42,0:03:13,3.7,1.1,0,0,여의도동,담배꽁초,판매/업무시설,일반업무,일반빌딩,126.9312982,37.52087248
2023-05-05 0:23,0:02:27,2.4,1.2,0,0,여의도동,불씨/불꽃/화원방치,판매/업무시설,판매시설,상가빌딩,126.9239916,37.52101442
2022-07-30 18:16,0:02:17,4.8,0.7,0,0,여의도동,담배꽁초,판매/업무시설,판매시설,상가빌딩,126.9343126,37.52106079
2021-12-16 2:33,0:04:14,3.6,1.2,0,1,여의도동,불씨/불꽃/화원방치,주거,공동주택,아파트,126.9373261,37.52135273
2023-02-21 23:30,0:09:00,4.1,1.6,0,0,여의도동,미상,주거,공동주택,아파트,126.9373261,37.52135273
2021-06-27 14:38,0:04:32,3.8,1.4,0,0,여의도동,과부하/과전류,주거,공동주택,아파트,126.9373261,37.52135273
2022-02-16 9:45,0:04:51,4.0,1.4,0,0,여의도동,음식물 조리중,판매/업무시설,판매시설,상가빌딩,126.9373261,37.52135273
2023-01-26 10:00,0:02:49,3.4,0.8,0,0,여의도동,트래킹에 의한 단락,주거,공동주택,아파트,126.9373261,37.52135273
2023-04-25 19:19,0:03:05,4.1,1.0,0,0,여의도동,기기(전기/ 기계 등) 사용.설치부주의,주거,공동주택,아파트,126.9373261,37.52135273
2023-03-31 20:40,0:04:00,2.7,0.8,0,0,여의도동,오일/연료누설,자동차/철도차량,자동차,소형 승합차,126.927417,37.52170449
2022-08-11 5:47,0:03:06,3.4,1.1,0,0,여의도동,미확인단락,생활서비스,음식점,한식,126.9266038,37.52172363
2023-12-28 1:40,0:03:06,1.0,1.0,0,0,영등포동2가,음식물 조리중,판매/업무시설,일반업무,오피스텔,126.9109532,37.52090385
2023-04-12 12:08,0:03:55,1.1,1.1,0,0,영등포동2가,담배꽁초,기타,야외,쓰레기,126.9106888,37.52158661
2022-05-13 13:50,0:04:06,1.7,1.7,0,0,영등포동2가,용접/ 절단/ 연마,판매/업무시설,일반업무,오피스텔,126.9102502,37.52178324
2023-02-22 14:41,0:04:43,1.7,2.0,0,0,영등포동2가,담배꽁초,기타,야외,쓰레기,126.9129092,37.52212374
2023-04-28 22:37,0:04:54,2.1,2.1,0,0,영등포동2가,미상,판매/업무시설,판매시설,기타 판매시설,126.9119285,37.52248602
2023-08-17 20:18,0:04:28,2.4,2.4,0,0,영등포동2가,음식물 조리중,주거,공동주택,다세대주택,126.9097588,37.52252764
2021-03-23 13:45,0:03:37,2.0,2.0,0,0,영등포동2가,담배꽁초,기타,야외,쓰레기,126.9094269,37.52257595
2022-04-18 19:22,0:03:32,1.6,1.6,0,0,영등포동2가,불씨/불꽃/화원방치,생활서비스,오락시설,노래연습장,126.9099936,37.52283524
2022-04-11 6:33,0:04:01,2.0,2.0,2,0,영등포동7가,미상,생활서비스,일상서비스,고시원(원룸텔),126.9088104,37.52329123
2021-12-27 21:55,0:03:51,1.0,1.0,0,0,영등포동7가,미상,판매/업무시설,일반업무,오피스텔,126.9094312,37.52340676
2023-06-22 19:10,0:02:00,1.6,1.6,0,0,문래동3가,절연열화에 의한 단락,자동차/철도차량,자동차,화물자동차,126.8905415,37.51685634
2022-09-30 21:35,0:05:40,2.3,2.3,0,0,문래동5가,미확인단락,주거,공동주택,아파트,126.8849849,37.51687754
2021-11-16 0:15,0:04:43,2.5,2.5,0,0,문래동5가,절연열화에 의한 단락,산업시설,공장시설,전기/ 전자공업,126.8829002,37.51692649
2023-02-25 16:30,0:05:00,2.2,2.2,0,0,문래동5가,담배꽁초,주거,공동주택,아파트,126.8862985,37.51714614
2023-07-17 23:13,0:04:32,2.0,2.0,1,2,문래동5가,불씨/불꽃/화원방치,주거,공동주택,아파트,126.8862985,37.51714614
2021-12-05 13:25,0:04:25,2.1,2.1,0,0,문래동5가,기기(전기/ 기계 등) 사용.설치부주의,주거,공동주택,아파트,126.8867208,37.51727377
2023-03-09 3:42,0:06:52,5.2,6.1,0,0,문래동5가,교통사고,자동차/철도차량,자동차,화물자동차,126.8819582,37.51786035
2022-02-19 20:30,0:04:01,1.7,1.7,0,0,문래동6가,음식물 조리중,생활서비스,음식점,한식,126.8871533,37.51786723
2023-08-11 18:40,0:04:30,1.8,1.8,0,0,문래동6가,과열/ 과부하,산업시설,공장시설,금속기계 및 기구공업,126.8871533,37.51786723
2023-01-15 1:21,0:04:26,1.9,1.9,0,0,문래동3가,미상,생활서비스,오락시설,노래연습장,126.8892547,37.51803356
2021-08-12 0:19,0:03:52,2.0,2.0,0,0,문래동3가,담배꽁초,기타,야외,쓰레기,126.8961789,37.51475064
2022-12-12 6:35,0:04:17,1.2,1.2,0,0,문래동3가,미상,생활서비스,음식점,한식,126.8948576,37.51492526
2023-01-26 7:22,0:04:22,1.2,1.2,0,0,문래동3가,절연열화에 의한 단락,산업시설,공장시설,금속기계 및 기구공업,126.8949085,37.51513263
2023-12-29 1:59,0:03:16,1.1,1.1,0,0,문래동3가,기타(부주의),기타,도로,기타도로,126.8949437,37.51782765
2023-05-26 16:03,0:03:00,1.1,1.1,0,0,문래동3가,담배꽁초,판매/업무시설,일반업무,기타 일반업무시설,126.8928138,37.51906164
2023-05-25 20:42,0:04:02,1.1,1.1,0,0,문래동3가,담배꽁초,기타,야외,기타야외,126.8927222,37.51925248
2023-02-26 10:41,0:02:05,1.0,1.0,0,0,당산동1가,담배꽁초,주거,공동주택,아파트,126.8959709,37.52082259
2023-10-14 0:45,0:01:02,0.9,0.9,0,0,당산동1가,담배꽁초,기타,야외,쓰레기,126.8965035,37.52144772
2021-08-30 18:28,0:04:52,2.0,2.0,0,0,당산동1가,미상,교육시설,연구/학원,기타 연구/학원,126.8960047,37.52157189
2023-08-13 14:53,0:03:23,1.7,2.5,0,0,당산동2가,불씨/불꽃/화원방치,자동차/철도차량,자동차,승용자동차,126.8922205,37.5221656
2021-04-10 5:30,0:03:00,1.2,1.2,0,0,문래동3가,접촉불량에 의한 단락,주거,공동주택,아파트,126.8973904,37.51627575
2022-10-02 10:20,0:04:53,1.1,1.1,0,0,문래동3가,층간단락,주거,공동주택,아파트,126.8973904,37.51627575
2023-05-15 11:00,0:02:00,1.3,1.3,0,0,문래동3가,음식물 조리중,주거,공동주택,아파트,126.8973904,37.51627575
2021-10-23 4:37,0:03:22,0.7,0.7,0,0,문래동3가,과열/ 과부하,판매/업무시설,일반업무,오피스텔,126.8979781,37.51831145
2023-12-21 17:12,0:03:41,0.5,0.5,0,0,문래동3가,기기(전기/ 기계 등) 사용.설치부주의,주거,단독주택,단독주택,126.8988753,37.51895752
2021-11-23 12:14,0:01:09,1.2,1.2,0,0,문래동3가,미확인단락,산업시설,공장시설,그 밖의 공업,126.8980387,37.51948343
2022-07-30 19:59,0:02:52,0.8,0.8,0,0,당산동1가,불씨/불꽃/화원방치,생활서비스,음식점,한식,126.899242,37.51995668
2023-01-08 15:29,0:04:33,1.0,2.7,0,0,당산동1가,불씨/불꽃/화원방치,주거,단독주택,단독주택,126.8995992,37.52150274
2023-02-16 16:20,0:06:27,1.0,2.0,0,0,당산동1가,가연물 근접방치,주거,공동주택,기타 공동주택,126.8986915,37.52209591
2023-12-30 10:55,0:01:45,0.9,0.9,0,0,당산동1가,음식물 조리중,판매/업무시설,일반업무,오피스텔,126.8989487,37.52248672
2022-05-11 23:36,0:04:19,2.1,2.1,0,0,문래동6가,압착/손상에 의한 단락,자동차/철도차량,자동차,승용자동차,126.8848656,37.51840229
2023-05-21 13:05,0:01:50,1.0,1.0,0,0,문래동6가,음식물 조리중,판매/업무시설,일반업무,오피스텔,126.8874144,37.51859828
2023-05-21 16:02,0:03:48,1.6,1.6,0,0,문래동3가,담배꽁초,운수자동차시설,자동차시설,카센터,126.8896424,37.51881545
2022-05-08 13:26,0:04:36,1.5,1.5,0,0,문래동6가,담배꽁초,기타,야외,기타야외,126.8865797,37.5189205
2022-08-31 11:03,0:04:45,2.0,2.0,0,0,문래동6가,오일/연료누설,생활서비스,음식점,치킨/족발,126.8862787,37.51898228
2021-01-19 4:08,0:07:04,4.5,4.5,0,0,문래동6가,교통사고,자동차/철도차량,자동차,승용자동차,126.8833136,37.51938718
2023-05-13 18:01,0:02:47,1.2,1.2,0,0,문래동3가,담배꽁초,판매/업무시설,판매시설,상가빌딩,126.8919444,37.51965326
2021-06-09 16:01,0:04:22,1.6,1.6,0,0,문래동3가,담배꽁초,생활서비스,음식점,한식,126.8909663,37.51980977
2023-05-29 8:46,0:03:22,1.6,1.6,0,0,문래동6가,음식물 조리중,주거,공동주택,아파트,126.8877355,37.52100633
2021-12-03 15:38,0:03:55,2.1,2.1,0,0,문래동6가,음식물 조리중,주거,공동주택,아파트,126.8877355,37.52100633
2021-11-26 12:09,0:04:07,1.7,1.7,0,0,문래동6가,용접/ 절단/ 연마,산업시설,공장시설,그 밖의 공업,126.8861395,37.52109833
2022-07-02 10:01,0:01:22,1.4,2.1,0,0,양평동1가,미상,생활서비스,음식점,커피숍/다방/카페(휴게),126.8911682,37.52110812
2022-07-12 18:43,0:02:37,1.7,2.5,0,0,양평동1가,담배꽁초,판매/업무시설,일반업무,일반빌딩,126.8895295,37.52152619
2023-01-17 12:17,0:03:01,1.6,3.2,0,0,양평동1가,불씨/불꽃/화원방치,주거,단독주택,다중주택,126.8905339,37.52168597
2021-06-09 19:28,0:02:40,1.7,2.2,0,0,양평동1가,담배꽁초,생활서비스,음식점,한식,126.8877757,37.52211956
2021-07-04 12:11,0:03:10,2.7,3.0,0,0,양평동2가,음식물 조리중,주거,공동주택,아파트,126.882683,37.52230634
2023-05-10 20:01,0:05:02,1.7,3.3,0,0,양평동1가,기기(전기/ 기계 등) 사용.설치부주의,주거,공동주택,아파트,126.887037,37.52235537
2023-09-08 14:46,0:03:56,1.6,3.0,0,0,양평동1가,누전/지락,판매/업무시설,판매시설,기타 판매시설,126.8890796,37.52268167
2022-03-21 21:30,0:02:25,1.3,1.3,0,0,양평동1가,가연물 근접방치,판매/업무시설,숙박시설,기타 숙박시설,126.8897395,37.52284365
2023-12-27 16:40,0:02:08,1.9,2.0,0,0,양평동2가,음식물 조리중,판매/업무시설,일반업무,오피스텔,126.8839534,37.52298605
2021-11-18 18:55,0:04:55,1.8,2.5,0,1,양평동1가,음식물 조리중,주거,공동주택,아파트,126.8868735,37.52317395
2021-04-12 22:47,0:02:49,4.0,3.7,0,0,양평동,불씨/불꽃/화원방치,기타서비스,기타건축물,공중화장실,126.8809429,37.52318434
2023-12-29 2:10,0:05:23,2.0,3.4,0,0,양평동2가,압착/손상에 의한 단락,생활서비스,위락시설,단란주점,126.8846539,37.52328533
2021-02-11 12:19,0:02:06,1.8,1.8,0,0,양평동1가,미상,자동차/철도차량,자동차,승용자동차,126.8901439,37.52351068
2022-05-19 17:02,0:03:40,1.0,1.0,0,0,당산동2가,미상,판매/업무시설,판매시설,상가빌딩,126.8920577,37.5235447
2022-12-30 10:15,0:03:23,5.0,2.4,0,0,양평동,과열/ 과부하,자동차/철도차량,자동차,화물자동차,126.8802413,37.5237087
2021-09-30 4:59,0:04:12,2.0,1.9,0,0,양평동1가,미상,주거,공동주택,다세대주택,126.8882962,37.52423353
2023-04-02 12:33,0:03:05,2.5,0.7,0,0,양평동2가,기기(전기/ 기계 등) 사용.설치부주의,주거,단독주택,다중주택,126.8855173,37.5246111
2023-04-26 12:45,0:04:05,2.0,2.5,0,0,양평동1가,담배꽁초,기타,도로,기타도로,126.8909919,37.52475782
2021-02-18 14:14,0:03:42,2.1,1.8,0,0,양평동1가,과부하/과전류,산업시설,작업장,기타 작업장,126.8903606,37.52475913
2023-01-24 0:01,0:04:06,1.2,2.5,0,0,당산동1가,미상,주거,단독주택,단독주택,126.8982311,37.52266981
2023-05-26 11:39,0:03:01,1.1,1.1,0,0,당산동1가,용접/ 절단/ 연마,주거,단독주택,단독주택,126.8987369,37.5233451
2022-07-11 18:46,0:02:41,1.5,1.6,0,0,당산동3가,접촉불량에 의한 단락,생활서비스,음식점,한식,126.8973165,37.52405593
2021-05-19 8:44,0:03:38,2.1,1.9,0,0,당산동3가,불씨/불꽃/화원방치,자동차/철도차량,자동차,승용자동차,126.8983593,37.5257145
2021-07-29 17:07,0:03:39,2.0,1.8,0,0,당산동3가,기타(부주의),기타,도로,전봇대,126.8985882,37.52592823
2021-07-11 2:20,0:02:40,1.8,1.8,0,0,당산동3가,미확인단락,생활서비스,음식점,한식,126.8984214,37.52634742
2022-05-24 20:41,0:04:02,2.0,1.4,0,0,당산동3가,가스누출(폭발),생활서비스,음식점,일식,126.8973371,37.52664174
2021-02-25 16:08,0:03:54,2.0,1.2,0,0,당산동3가,미상,산업시설,창고시설,기타 창고,126.8973821,37.52681684
2023-12-07 7:55,0:03:05,1.6,1.1,0,0,당산동3가,음식물 조리중,주거,단독주택,다중주택,126.8975715,37.52686079
2021-02-08 9:11,0:06:50,1.8,1.5,0,0,당산동3가,접촉불량에 의한 단락,주거,공동주택,다세대주택,126.8973673,37.52694558
2022-08-21 20:00,0:04:14,1.8,2.2,0,0,당산동2가,음식물 조리중,생활서비스,음식점,한식,126.8928689,37.52361293
2023-02-15 10:00,0:06:15,1.9,2.6,0,0,당산동2가,미확인단락,산업시설,공장시설,그 밖의 공업,126.8936071,37.52399715
2021-02-27 18:17,0:04:05,1.8,1.0,0,0,당산동2가,담배꽁초,기타,야외,기타야외,126.8932135,37.52441405
2023-05-24 16:40,0:03:00,1.7,2.8,0,0,당산동2가,담배꽁초,기타,야외,기타야외,126.8925741,37.52451735
2021-06-17 14:55,0:04:26,1.7,1.6,0,0,당산동3가,트래킹에 의한 단락,판매/업무시설,일반업무,기타 일반업무시설,126.8938627,37.52521589
2022-10-04 3:39,0:03:43,1.7,1.7,0,0,당산동3가,층간단락,판매/업무시설,공공기관,국가 및 지방자치단체 청사,126.8963671,37.52596316
2021-03-16 15:00,0:04:16,2.1,1.5,0,0,당산동3가,담배꽁초,판매/업무시설,일반업무,일반빌딩,126.8953425,37.52716356
2023-03-25 0:39,0:05:00,2.1,1.2,0,0,양평동3가,접촉불량에 의한 단락,산업시설,공장시설,금속기계 및 기구공업,126.893271,37.52861043
2023-07-03 19:08,0:04:46,2.4,0.9,0,0,양평동3가,층간단락,주거,단독주택,단독주택,126.893271,37.52861043
2021-01-11 12:02,0:03:15,2.2,1.3,0,0,양평동3가,용접/ 절단/ 연마,산업시설,공장시설,금속기계 및 기구공업,126.893271,37.52861043
2021-12-08 2:10,0:02:12,2.2,1.6,0,0,양평동3가,방화의심,판매/업무시설,일반업무,일반빌딩,126.8919278,37.52518549
2023-01-26 3:31,0:05:44,2.5,2.0,0,0,양평동3가,미확인단락,집합시설,종교시설,교회,126.8900758,37.52530289
2022-09-30 20:35,0:02:25,2.5,2.5,0,0,양평동2가,가연물 근접방치,판매/업무시설,일반업무,오피스텔,126.8831159,37.52568013
2023-12-11 20:51,0:05:33,2.4,2.0,0,1,양평동2가,가연물 근접방치,판매/업무시설,일반업무,오피스텔,126.8831159,37.52568013
2021-11-24 13:22,0:02:06,2.3,2.5,0,0,양평동3가,음식물 조리중,주거,공동주택,아파트,126.8866466,37.52632202
2023-09-15 10:07,0:05:37,2.2,3.1,0,0,양평동3가,음식물 조리중,주거,공동주택,아파트,126.8866466,37.52632202
2021-04-07 12:55,0:03:19,2.3,1.5,0,0,양평동3가,과열/ 과부하,산업시설,공장시설,전기/ 전자공업,126.8890681,37.52662111
2022-04-09 13:59,0:04:30,2.4,2.1,0,0,양평동3가,담배꽁초,생활서비스,일상서비스,고시원(원룸텔),126.8863514,37.52679989
2021-12-26 22:23,0:02:50,2.2,1.5,0,0,양평동3가,미확인단락,판매/업무시설,일반업무,오피스텔,126.8899813,37.52701993
2022-06-02 18:32,0:02:17,2.2,1.8,0,0,양평동3가,과열/ 과부하,판매/업무시설,일반업무,오피스텔,126.8895057,37.52709274
2022-07-26 6:48,0:04:18,1.6,1.6,0,0,당산동3가,과부하/과전류,주거,단독주택,상가주택(주택부분에서 화재가 발생한 경우에만 해당),126.8974664,37.52714173
2022-06-01 16:34,0:04:00,1.9,1.5,0,0,당산동3가,미상,기타,야외,기타야외,126.8977059,37.5273416
2021-09-12 11:01,0:03:07,2.0,1.1,0,0,당산동4가,미확인단락,생활서비스,음식점,치킨/족발(휴게),126.8987672,37.52819981
2023-03-23 19:57,0:03:31,3.9,1.8,0,0,당산동4가,담배꽁초,기타,야외,쓰레기,126.8982143,37.52845423
2021-07-12 19:56,0:03:08,2.0,1.2,0,0,당산동4가,담배꽁초,판매/업무시설,일반업무,일반빌딩,126.8989782,37.52974593
2022-04-30 0:29,0:03:35,1.8,0.8,0,0,당산동4가,자동제어 실패,주거,공동주택,아파트,126.899629,37.53059009
2021-02-16 16:56,0:01:49,3.3,1.0,0,0,당산동5가,가연물 근접방치,생활서비스,일상서비스,고시원(원룸텔),126.897021,37.53224857
2021-09-18 14:22,0:04:59,2.8,1.0,0,0,당산동5가,담배꽁초,기타,야외,기타야외,126.8973469,37.532314
2023-11-20 13:01,0:01:56,2.7,0.6,0,1,양평동4가,기타,자동차/철도차량,자동차,승용자동차,126.8968821,37.53382592
2023-08-04 5:38,0:02:39,3.0,0.5,0,0,양평동4가,불씨/불꽃/화원방치,판매/업무시설,일반업무,오피스텔,126.8972955,37.53477846
2021-04-28 14:50,0:01:52,3.4,1.5,0,0,여의도동,과열/ 과부하,판매/업무시설,일반업무,금융기관(농협 등),126.92815,37.52183747
2021-09-19 15:06,0:03:26,4.0,1.2,0,1,여의도동,절연열화에 의한 단락,주거,공동주택,아파트,126.9351413,37.52186242
2021-10-11 18:08,0:02:45,2.0,1.1,0,0,여의도동,접촉불량에 의한 단락,생활서비스,음식점,한식,126.9300487,37.52201638
2023-07-12 9:12,0:13:38,2.9,1.0,0,0,여의도동,가연물 근접방치,판매/업무시설,일반업무,금융기관(농협 등),126.9300487,37.52201638
2023-07-14 13:03,0:02:55,3.2,1.2,0,0,여의도동,미확인단락,판매/업무시설,판매시설,상가빌딩,126.9324829,37.52214313
2023-03-04 18:46,0:03:09,2.6,1.1,0,0,여의도동,담배꽁초,기타,야외,쓰레기,126.9262252,37.5223003
2023-04-07 20:24,0:03:20,2.2,0.7,0,0,여의도동,기기(전기/ 기계 등) 사용.설치부주의,기타서비스,기타건축물,노상매점,126.9252688,37.52250819
2023-08-30 20:19,0:04:46,4.5,2.0,0,0,여의도동,불씨/불꽃/화원방치,기타,야외,기타야외,126.9415751,37.52283724
2023-08-07 21:20,0:06:39,4.0,2.0,0,0,여의도동,기타(전기적요인),생활서비스,음식점,한식,126.9415751,37.52283724
2022-02-22 21:40,0:02:56,3.0,1.2,0,0,여의도동,담배꽁초,판매/업무시설,일반업무,오피스텔,126.9242856,37.52294518
2022-03-11 12:50,0:04:59,2.2,1.0,0,0,여의도동,미상,임야,들불,기타 들불,126.9193862,37.5187201
2021-01-20 23:58,0:01:58,3.0,1.0,0,0,여의도동,미상,임야,들불,기타 들불,126.9185836,37.52121777
2023-05-25 23:18,0:02:30,1.9,0.9,0,0,여의도동,담배꽁초,기타,야외,쓰레기,126.9185836,37.52121777
2021-09-24 11:08,0:04:59,1.8,1.8,0,0,영등포동2가,미확인단락,판매/업무시설,일반업무,신문사,126.9129843,37.52146543
2021-03-30 22:26,0:02:41,3.2,1.6,0,0,여의도동,과열/ 과부하,기타,도로,가로등,126.9148085,37.524
2023-11-06 8:57,0:06:49,2.5,1.9,0,0,여의도동,과열/ 과부하,자동차/철도차량,자동차,승용자동차,126.9167168,37.52596989
2023-11-02 20:33,0:02:43,2.2,1.7,0,0,여의도동,담배꽁초,기타,야외,기타야외,126.9167168,37.52596989
2023-12-10 0:11,0:01:45,2.5,1.2,0,0,여의도동,담배꽁초,기타,야외,쓰레기,126.9187105,37.52610814
2023-05-31 3:00,0:00:00,0.0,0.0,0,1,여의도동,과열/ 과부하,판매/업무시설,일반업무,오피스텔,126.9187105,37.52610814
2021-10-17 0:37,0:03:53,2.6,2.0,0,0,여의도동,방화,판매/업무시설,일반업무,일반회사,126.9168952,37.52787086
2021-08-20 18:36,0:03:13,3.7,1.2,0,0,여의도동,미상,주거,공동주택,아파트,126.9311803,37.5231724
2022-07-06 3:12,0:04:50,3.1,2.1,0,0,여의도동,음식물 조리중,생활서비스,음식점,한식,126.923451,37.52336677
2021-05-25 22:28,0:02:26,3.0,1.0,0,0,여의도동,미상,판매/업무시설,일반업무,일반빌딩,126.923451,37.52336677
2022-07-17 15:17,0:02:48,2.4,1.3,0,0,여의도동,용접/ 절단/ 연마,판매/업무시설,일반업무,오피스텔,126.9254819,37.523628
2023-01-18 19:54,0:03:08,3.0,1.8,0,0,여의도동,미확인단락,주거,공동주택,주상복합아파트,126.9298175,37.5241002
2023-10-23 13:21,0:03:17,3.1,1.2,0,0,여의도동,미확인단락,주거,공동주택,아파트,126.9330953,37.52426326
2022-04-14 12:57,0:03:46,2.2,1.8,0,0,여의도동,용접/ 절단/ 연마,판매/업무시설,일반업무,일반빌딩,126.9232706,37.52432676
2022-05-21 17:38,0:03:04,3.3,1.1,0,0,여의도동,기타(전기적요인),교육시설,학교,고등학교,126.9342192,37.52505101
2023-08-21 0:28,0:03:21,2.6,0.9,0,0,여의도동,기기(전기/ 기계 등) 사용.설치부주의,판매/업무시설,숙박시설,호텔,126.9248767,37.52517752
2022-10-30 19:00,0:03:55,3.2,1.9,0,2,여의도동,절연열화에 의한 단락,판매/업무시설,일반업무,일반빌딩,126.9248767,37.52517752
2023-11-02 14:28,0:03:52,2.4,1.9,0,1,여의도동,기기(전기/ 기계 등) 사용.설치부주의,판매/업무시설,숙박시설,호텔,126.9248767,37.52517752
2023-11-13 18:38,0:03:53,2.4,1.9,0,0,여의도동,음식물 조리중,판매/업무시설,판매시설,쇼핑센터,126.9248767,37.52517752
2023-06-27 18:02,0:04:56,2.8,1.8,0,0,여의도동,담배꽁초,판매/업무시설,판매시설,백화점,126.9291128,37.52519132
2023-02-11 18:00,0:03:55,2.8,1.7,0,0,여의도동,음식물 조리중,주거,공동주택,아파트,126.9296087,37.52705074
2023-03-30 11:55,0:04:02,3.4,0.7,0,0,여의도동,담배꽁초,기타,야외,쓰레기,126.932864,37.52708516
2021-05-22 18:41,0:02:56,3.0,1.7,0,0,여의도동,담배꽁초,기타,야외,기타야외,126.932864,37.52708516
2021-05-02 14:06,0:02:43,3.7,1.8,0,0,여의도동,불씨/불꽃/화원방치,기타,야외,기타야외,126.932305,37.52720251
2021-07-18 14:43,0:02:04,2.7,1.7,0,0,여의도동,과부하/과전류,자동차/철도차량,자동차,소형 승합차,126.9285161,37.52795712
2021-08-15 14:31,0:04:51,2.5,1.2,0,0,여의도동,미상,자동차/철도차량,자동차,특수자동차,126.9285161,37.52795712
2022-11-03 10:05,0:03:38,2.3,1.2,0,0,여의도동,과열/ 과부하,자동차/철도차량,건설기계,덤프트럭,126.9285161,37.52795712
2021-12-03 22:42,0:02:32,2.0,2.0,0,0,영등포동7가,미확인단락,의료/복지시설,의료시설,종합병원,126.9103176,37.52343924
2021-11-02 18:32,0:03:58,1.6,1.6,0,0,영등포동7가,기기(전기/ 기계 등) 사용.설치부주의,판매/업무시설,일반업무,오피스텔,126.9093224,37.52359715
2022-09-26 19:15,0:02:58,1.5,1.5,0,0,영등포동7가,담배꽁초,생활서비스,일상서비스,일반상점,126.9099967,37.52391149
2021-05-17 14:45,0:02:59,2.3,1.9,0,0,영등포동7가,오일/연료누설,자동차/철도차량,자동차,승용자동차,126.911351,37.52424165
2021-11-14 19:45,0:02:46,3.8,2.5,0,0,영등포동7가,미상,자동차/철도차량,자동차,승용자동차,126.910894,37.52481299
2021-12-28 7:54,0:07:19,1.5,1.5,0,0,영등포동7가,미확인단락,판매/업무시설,일반업무,일반회사,126.9087241,37.52549141
2022-12-19 18:55,0:02:31,2.0,2.0,0,0,영등포동7가,가연물 근접방치,판매/업무시설,일반업무,오피스텔,126.9089435,37.52553717
2023-05-12 18:17,0:04:52,2.0,2.0,0,0,영등포동7가,기기(전기/ 기계 등) 사용.설치부주의,집합시설,종교시설,기타 종교시설,126.9096463,37.52587576
2023-06-03 7:42,0:03:47,2.0,2.8,0,0,당산동,미확인단락,판매/업무시설,일반업무,오피스텔,126.9087176,37.5273781
2023-07-19 21:58,0:06:00,3.8,3.0,0,0,여의도동,압착/손상에 의한 단락,기타서비스,기타건축물,공중화장실,126.9115844,37.53481462
2022-08-26 8:43,0:04:40,2.7,1.8,0,0,여의도동,과열/ 과부하,자동차/철도차량,자동차,화물자동차,126.9285161,37.52795712
2023-01-29 21:30,0:04:51,3.0,2.5,0,0,여의도동,미상,기타,야외,쓰레기,126.9308198,37.52806977
2021-06-13 0:06,0:02:05,2.9,2.2,0,0,여의도동,오일/연료누설,자동차/철도차량,자동차,승용자동차,126.9308198,37.52806977
2023-06-27 3:14,0:05:35,3.4,2.4,0,0,여의도동,음식물 조리중,판매/업무시설,일반업무,오피스텔,126.9245375,37.52976242
2023-11-28 23:36,0:04:40,3.0,2.6,0,0,여의도동,담배꽁초,기타,야외,쓰레기,126.9244157,37.53071271
2023-10-12 18:32,0:03:58,2.3,2.1,0,0,여의도동,기타(부주의),자동차/철도차량,자동차,화물자동차,126.9181384,37.52912655
2022-01-20 8:41,0:04:15,2.3,2.1,0,0,여의도동,미상,판매/업무시설,일반업무,일반빌딩,126.9181384,37.52912655
2022-07-06 2:58,0:04:30,2.2,2.8,0,0,여의도동,용접/ 절단/ 연마,판매/업무시설,일반업무,일반빌딩,126.9190282,37.52918879
2021-07-31 2:44,0:04:55,3.0,2.0,0,0,여의도동,미확인단락,판매/업무시설,일반업무,일반빌딩,126.9198726,37.52936624
2023-08-26 2:55,0:03:42,2.9,2.2,0,0,여의도동,미상,판매/업무시설,일반업무,일반회사,126.9199072,37.52999489
2022-08-26 0:10,0:03:08,2.9,2.2,0,0,여의도동,층간단락,판매/업무시설,숙박시설,호텔,126.9205135,37.5303648
2023-04-12 19:04,0:03:59,3.1,1.8,0,0,여의도동,기기(전기/ 기계 등) 사용.설치부주의,주거,공동주택,주상복합아파트,126.9210835,37.53092939
2023-08-02 12:56,0:04:21,3.2,2.1,0,0,여의도동,미상,판매/업무시설,일반업무,오피스텔,126.9210835,37.53092939
2023-06-07 9:03,0:09:29,3.3,1.5,0,0,여의도동,오일/연료누설,자동차/철도차량,자동차,승용자동차,126.9164039,37.53291197
2022-01-30 14:12,0:04:21,2.7,2.3,0,0,여의도동,과열/ 과부하,판매/업무시설,일반업무,기타 일반업무시설,126.9164039,37.53291197
2022-08-17 21:42,0:02:27,0.6,0.6,0,0,영등포동6가,담배꽁초,기타서비스,기타건축물,기타 건축물,126.9015284,37.52095836
2022-06-14 23:57,0:01:42,1.5,1.8,0,0,당산동1가,미상,산업시설,작업장,기타 작업장,126.9004039,37.52110951
2023-10-19 8:28,0:02:53,0.7,2.0,0,0,당산동1가,절연열화에 의한 단락,판매/업무시설,판매시설,시장,126.9009551,37.52140613
2021-05-25 9:59,0:02:00,1.0,1.0,0,0,당산동1가,가연물 근접방치,주거,공동주택,다세대주택,126.9002733,37.52147277
2021-07-04 16:00,0:02:52,1.7,1.7,0,0,당산동1가,음식물 조리중,주거,단독주택,다가구주택,126.900391,37.52151513
2023-02-16 22:56,0:02:11,0.8,0.8,0,0,당산동1가,음식물 조리중,주거,공동주택,다세대주택,126.9007962,37.52197282
2022-09-03 1:16,0:02:27,0.8,2.3,0,0,당산동3가,절연열화에 의한 단락,판매/업무시설,일반업무,오피스텔,126.9010394,37.52345643
2023-05-09 18:18,0:04:27,1.0,1.2,0,0,당산동3가,음식물 조리중,주거,공동주택,아파트,126.9000133,37.52481788
2022-01-07 18:21,0:04:05,1.3,1.3,0,0,당산동3가,절연열화에 의한 단락,주거,공동주택,아파트,126.9000133,37.52481788
2023-08-05 21:18,0:03:26,0.9,0.9,0,0,당산동3가,음식물 조리중,주거,공동주택,아파트,126.9000133,37.52481788
2021-08-13 18:11,0:04:23,1.2,1.2,0,0,영등포동5가,기타(전기적요인),생활서비스,음식점,한식,126.9053944,37.5209635
2023-11-17 0:32,0:03:06,1.4,1.4,0,0,영등포동6가,음식물 조리중,판매/업무시설,일반업무,오피스텔,126.9036247,37.52097297
2021-02-06 0:50,0:02:11,1.0,1.0,0,0,영등포동6가,방화의심,주거,공동주택,다세대주택,126.9033534,37.5220481
2022-02-20 0:10,0:03:19,1.0,1.0,0,0,영등포동6가,담배꽁초,기타,야외,쓰레기,126.9047514,37.52249577
2022-11-09 20:47,0:00:52,0.6,0.6,0,0,영등포동6가,과열/ 과부하,판매/업무시설,일반업무,오피스텔,126.9047514,37.52249577
2022-04-03 22:21,0:04:18,1.1,1.1,0,0,영등포동6가,압착/손상에 의한 단락,주거,공동주택,기타 공동주택,126.9031506,37.52253051
2022-07-30 18:29,0:06:47,1.1,1.1,0,0,영등포동7가,절연열화에 의한 단락,교육시설,학교,초등학교,126.9036957,37.5241433
2022-08-01 7:24,0:02:24,1.0,1.0,0,0,영등포동7가,접촉불량에 의한 단락,주거,공동주택,아파트,126.9031483,37.52446352
2021-06-21 21:32,0:03:09,1.5,1.5,0,0,영등포동7가,가스누출(폭발),생활서비스,음식점,한식,126.9051013,37.5245653
2023-01-05 22:38,0:04:07,1.4,1.4,0,0,영등포동7가,기기(전기/ 기계 등) 사용.설치부주의,생활서비스,음식점,일반주점,126.9051509,37.52500899
2021-07-06 21:10,0:03:45,1.5,1.5,0,0,영등포동5가,음식물 조리중,주거,공동주택,아파트,126.9068069,37.5222008
2023-10-11 14:49,0:05:00,1.6,1.6,0,0,영등포동7가,담배꽁초,판매/업무시설,일반업무,오피스텔,126.9085965,37.52364146
2022-10-18 7:41,0:04:54,1.5,1.5,0,0,영등포동7가,담배꽁초,기타,야외,쓰레기,126.9076019,37.52555081
2022-09-06 21:29,0:04:37,1.6,1.6,0,0,영등포동8가,가연물 근접방치,의료/복지시설,의료시설,병원,126.9061563,37.52604198
2023-09-30 16:11,0:04:16,2.3,1.5,0,0,당산동,담배꽁초,기타,야외,쓰레기,126.9078732,37.52797445
2021-04-21 18:18,0:01:39,2.0,2.5,0,0,당산동,담배꽁초,판매/업무시설,일반업무,일반빌딩,126.9074896,37.52868044
2023-02-08 8:34,0:05:56,2.5,1.6,0,0,당산동,미상,판매/업무시설,일반업무,오피스텔,126.9071819,37.52990773
2023-03-15 12:53,0:00:56,1.0,0.6,0,0,당산동,미확인단락,주거,공동주택,아파트,126.9080121,37.5305725
2022-11-17 13:48,0:03:13,2.4,1.5,0,0,당산동,가연물 근접방치,자동차/철도차량,자동차,승용자동차,126.9080121,37.5305725
2021-11-06 9:02,0:02:33,2.2,1.3,0,0,당산동6가,가연물 근접방치,판매/업무시설,일반업무,오피스텔,126.9056684,37.5323231
2021-02-08 10:56,0:04:53,1.3,1.9,0,0,당산동3가,음식물 조리중,주거,공동주택,아파트,126.9016951,37.52519492
2022-09-24 0:19,0:04:01,1.3,1.9,0,0,당산동4가,음식물 조리중,주거,공동주택,기타 공동주택,126.902504,37.52721789
2023-02-19 6:30,0:03:01,1.7,0.9,0,0,당산동4가,담배꽁초,주거,단독주택,다가구주택,126.9002569,37.52864446
2022-05-18 15:15,0:02:33,1.7,1.2,0,0,당산동4가,담배꽁초,판매/업무시설,판매시설,상가빌딩,126.9003345,37.52874616
2022-01-26 9:49,0:05:00,1.7,1.7,0,0,당산동4가,음식물 조리중,산업시설,작업장,기타 작업장,126.9003345,37.52874616
2021-07-20 12:08,0:03:53,1.6,1.0,0,0,당산동5가,미확인단락,주거,공동주택,아파트,126.9028128,37.5304831
2023-12-09 21:05,0:01:44,2.1,0.8,0,0,당산동5가,가연물 근접방치,판매/업무시설,일반업무,오피스텔,126.9001276,37.53281392
2021-01-31 9:52,0:04:50,2.4,1.0,0,0,당산동5가,기타(전기적요인),주거,공동주택,아파트,126.902834,37.53293123
2023-04-02 13:38,0:04:59,2.7,1.0,0,0,당산동5가,담배꽁초,기타,야외,쓰레기,126.9005103,37.53323429
2023-01-18 1:01,0:02:25,2.8,0.7,0,0,당산동5가,담배꽁초,생활서비스,음식점,한식,126.9004701,37.5338582
2021-09-11 23:28,0:04:17,1.5,1.5,0,0,영등포동8가,담배꽁초,기타,야외,쓰레기,126.9037527,37.52626503
2023-04-12 0:47,0:05:12,1.5,2.0,0,0,영등포동8가,음식물 조리중,판매/업무시설,일반업무,오피스텔,126.9052311,37.5267661
2023-07-24 13:13,0:04:21,1.1,1.1,0,0,영등포동8가,층간단락,판매/업무시설,일반업무,오피스텔,126.9052311,37.5267661
2023-06-13 15:13,0:03:19,2.0,2.0,0,0,영등포동8가,담배꽁초,생활서비스,일상서비스,기타 일상서비스,126.9042134,37.52855097
2021-05-01 8:21,0:01:15,1.9,1.4,0,0,영등포동8가,용접/ 절단/ 연마,산업시설,공장시설,그 밖의 공업,126.9046079,37.52904477
2022-05-15 13:13,0:03:51,1.7,1.7,0,0,영등포동8가,과열/ 과부하,자동차/철도차량,자동차,버스,126.90508,37.52995985
2023-01-15 20:29,0:01:44,2.0,0.8,0,0,당산동6가,담배꽁초,판매/업무시설,일반업무,오피스텔,126.9051983,37.53255356
2022-02-03 18:07,0:02:10,2.3,1.4,0,0,당산동6가,담배꽁초,판매/업무시설,일반업무,일반빌딩,126.9045002,37.53288556
2022-06-29 19:14,0:04:03,2.2,1.0,0,0,당산동6가,과부하/과전류,주거,공동주택,연립주택,126.9047775,37.53311689
2022-02-22 22:12,0:02:57,2.3,1.0,0,0,당산동6가,담배꽁초,기타,야외,쓰레기,126.9035723,37.53332179
2021-03-23 3:59,0:01:12,2.2,1.0,0,0,당산동6가,기기(전기/ 기계 등) 사용.설치부주의,주거,단독주택,단독주택,126.9049232,37.53405486
2021-07-11 0:15,0:01:52,1.0,1.0,0,0,당산동6가,음식물 조리중,주거,공동주택,다세대주택,126.9042092,37.53411573
2022-06-04 23:43,0:02:39,2.4,0.7,0,0,당산동6가,담배꽁초,판매/업무시설,일반업무,일반빌딩,126.9039744,37.53421321
2021-07-14 16:27,0:02:35,2.5,1.1,0,0,당산동6가,미상,주거,단독주택,단독주택,126.9044887,37.5343868
2023-10-15 23:41,0:05:34,3.0,1.8,0,3,당산동6가,트래킹에 의한 단락,주거,단독주택,기타 단독주택,126.9032203,37.53444775
2023-08-26 15:11,0:04:41,2.9,1.6,0,0,당산동6가,쓰레기 소각,기타,야외,쓰레기,126.9043151,37.53445955
2022-01-03 3:22,0:02:38,2.8,0.6,0,0,당산동6가,음식물 조리중,생활서비스,음식점,한식,126.9036516,37.53485707
2023-02-20 11:50,0:02:02,2.2,0.6,0,0,당산동6가,누전/지락,생활서비스,음식점,한식,126.9028656,37.53561786
2023-06-22 18:33,0:05:02,2.6,0.9,0,0,당산동,쓰레기 소각,기타,야외,쓰레기,126.9031655,37.53799
2022-05-14 17:54,0:02:43,3.3,1.2,0,0,당산동,담배꽁초,기타,야외,기타야외,126.903165,37.537992
2021-01-20 3:25,0:02:10,2.6,0.5,0,0,당산동6가,담배꽁초,기타,야외,쓰레기,126.9025731,37.53408772
2022-11-22 2:38,0:04:51,2.6,0.5,0,1,당산동6가,과열/ 과부하,생활서비스,음식점,횟집,126.9027048,37.53414937
2023-02-18 4:12,0:01:40,2.8,0.3,0,0,당산동5가,미상,기타,야외,쓰레기,126.9007377,37.53425666
2022-12-02 22:33,0:01:34,2.8,0.3,0,0,당산동5가,접촉불량에 의한 단락,교육시설,연구/학원,예체능학원,126.8999232,37.53463124
2022-02-18 8:45,0:04:32,2.6,0.5,0,0,당산동6가,노후,운수자동차시설,역사/터미널,지하철역사,126.9027307,37.53495687
2023-11-08 20:33,0:01:52,2.7,0.7,0,0,당산동6가,음식물 조리중,생활서비스,음식점,한식,126.9024213,37.53499157
2023-12-13 4:00,0:02:26,2.3,1.2,0,0,당산동6가,미확인단락,주거,단독주택,다중주택,126.9020834,37.53512076
2022-03-06 5:06,0:04:12,2.6,0.2,0,0,당산동6가,담배꽁초,기타,야외,쓰레기,126.9003804,37.53590564
2023-02-13 12:23,0:06:31,5.7,5.0,0,0,당산동,담배꽁초,기타,야외,기타야외,126.9008692,37.54011868
2023-04-14 19:49,0:06:24,3.3,1.2,0,0,당산동,담배꽁초,기타,야외,쓰레기,126.9008692,37.54011868
2023-11-17 17:21,0:02:39,2.2,1.0,0,0,당산동4가,불씨/불꽃/화원방치,생활서비스,음식점,커피숍/다방/카페,126.8967889,37.52867933
2021-09-27 12:15,0:01:23,2.3,1.1,0,0,양평동3가,미확인단락,판매/업무시설,일반업무,일반빌딩,126.8923947,37.5286873
2023-06-08 8:12,0:04:10,3.0,1.0,0,0,양평동3가,음식물 조리중,주거,공동주택,아파트,126.8937947,37.53200749
2022-05-12 1:55,0:02:17,2.8,0.6,0,0,양평동3가,접촉불량에 의한 단락,주거,공동주택,아파트,126.8958797,37.53243219
2021-08-17 10:26,0:02:22,2.8,0.8,0,0,양평동3가,불씨/불꽃/화원방치,주거,공동주택,아파트,126.8958797,37.53243219
2021-09-27 23:13,0:02:27,2.7,0.5,0,0,양평동3가,담배꽁초,기타,야외,쓰레기,126.8958797,37.53243219
2021-04-01 22:49,0:01:51,3.1,1.0,0,0,양평동3가,담배꽁초,기타,야외,기타야외,126.8943007,37.53328647
2021-09-15 10:00,0:03:39,3.2,1.5,0,0,양평동3가,담배꽁초,기타,야외,쓰레기,126.8923263,37.53397314
2023-10-12 15:24,0:05:00,3.2,1.5,0,0,양평동4가,담배꽁초,판매/업무시설,일반업무,일반회사,126.8956081,37.53404095
2023-03-26 19:40,0:02:00,3.2,0.7,0,0,양평동4가,음식물 조리중,판매/업무시설,판매시설,상가빌딩,126.8944285,37.53440211
2023-08-08 10:17,0:02:25,2.3,1.8,0,0,양평동3가,기기(전기/ 기계 등) 사용.설치부주의,주거,공동주택,주상복합아파트,126.8872444,37.52739595
2022-01-22 11:02,0:07:00,2.5,2.6,0,0,양평동3가,기기(전기/ 기계 등) 사용.설치부주의,판매/업무시설,일반업무,오피스텔,126.8877081,37.52752641
2023-12-10 11:08,0:05:00,2.3,2.8,0,0,양평동3가,기기(전기/ 기계 등) 사용.설치부주의,판매/업무시설,일반업무,오피스텔,126.8880762,37.52753189
2023-06-18 8:15,0:03:12,3.5,2.0,0,0,양평동3가,담배꽁초,자동차/철도차량,자동차,화물자동차,126.8909801,37.52875339
2023-09-04 22:11,0:04:12,2.0,1.1,0,0,양평동3가,미상,기타서비스,기타건축물,기타 건축물,126.8901683,37.5289216
2023-07-27 8:25,0:07:25,3.1,2.0,0,0,양평동,오일/연료누설,자동차/철도차량,자동차,소형 승합차,126.8887872,37.52892668
2021-10-31 22:05,0:03:39,3.2,1.5,0,0,양평동3가,미상,주거,공동주택,아파트,126.8920117,37.53142734
2022-12-23 9:26,0:05:03,3.0,1.4,0,0,양평동3가,미상,자동차/철도차량,자동차,승용자동차,126.891905,37.53341161
2022-09-06 16:52,0:02:50,4.2,1.2,0,0,양평동5가,교통사고,자동차/철도차량,자동차,승용자동차,126.8917274,37.53681506
2021-05-20 16:24,0:03:02,4.2,1.0,0,0,양평동5가,미상,자동차/철도차량,자동차,화물자동차,126.89079,37.5381329
2023-10-15 10:32,0:02:16,4.0,0.8,0,0,양평동4가,용접/ 절단/ 연마,판매/업무시설,공공기관,국가 및 지방자치단체 청사,126.8956442,37.53446788
2022-09-16 23:19,0:04:36,3.4,0.4,0,0,양평동4가,층간단락,생활서비스,음식점,한식,126.8953862,37.53586853
2022-04-24 13:25,0:02:34,3.7,0.8,0,0,양평동5가,불씨/불꽃/화원방치,판매/업무시설,판매시설,상가빌딩,126.8923902,37.5361892
2023-01-21 13:57,0:02:24,3.2,0.7,0,0,양평동5가,미상,판매/업무시설,일반업무,기타 일반업무시설,126.8923902,37.5361892
2023-01-05 13:13,0:04:38,3.0,0.7,0,0,양평동4가,음식물 조리중,생활서비스,일상서비스,기타 일상서비스,126.8963719,37.53627962
2023-04-13 18:40,0:02:23,3.7,0.8,0,0,양평동4가,담배꽁초,기타,야외,쓰레기,126.8951824,37.53676962
2022-07-24 14:25,0:06:59,3.3,0.7,0,0,양평동4가,빨래삶기,주거,공동주택,다세대주택,126.8962348,37.53744152
2022-07-28 2:35,0:06:43,3.5,1.5,0,0,양평동5가,담배꽁초,기타,야외,쓰레기,126.8929657,37.53804083
2022-08-27 16:10,0:02:30,3.8,0.6,0,0,양평동4가,가연물 근접방치,주거,공동주택,다세대주택,126.8965242,37.53850676
2022-05-20 14:13,0:02:29,1.2,0.7,0,0,양평동4가,담배꽁초,주거,공동주택,다세대주택,126.8965242,37.53850676
2021-10-16 14:13,0:02:55,3.0,0.6,0,0,양평동4가,미상,판매/업무시설,일반업무,오피스텔,126.8972955,37.53477846
2023-05-27 15:30,0:02:36,3.0,0.7,0,0,양평동4가,음식물 조리중,판매/업무시설,일반업무,오피스텔,126.8972955,37.53477846
2023-09-01 17:20,0:02:24,2.7,0.3,0,1,양평동4가,담배꽁초,기타,야외,쓰레기,126.8975423,37.5351352
2023-08-17 5:40,0:02:00,2.4,0.2,0,0,양평동4가,오일/연료누설,생활서비스,음식점,한식,126.8982852,37.53547012
2023-03-27 17:39,0:04:10,4.0,1.6,0,0,양평동4가,미확인단락,생활서비스,일상서비스,기타 일상서비스,126.897386,37.53583379
2022-06-10 14:50,0:00:00,3.0,0.2,0,0,양평동4가,접촉불량에 의한 단락,집합시설,운동시설,당구장,126.8973326,37.53643336
2023-12-28 13:45,0:02:08,3.1,0.2,0,0,양평동4가,오일/연료누설,자동차/철도차량,자동차,버스,126.8988474,37.53659333
2022-09-09 23:44,0:02:47,3.5,0.3,0,0,양평동4가,접촉불량에 의한 단락,생활서비스,음식점,제과점,126.8979099,37.53671344
2022-12-07 1:35,0:03:27,3.2,0.6,0,0,양평동4가,접촉불량에 의한 단락,판매/업무시설,일반업무,오피스텔,126.8975416,37.53701505
2022-11-12 17:39,0:10:01,4.4,3.7,0,0,당산동,과열/ 과부하,자동차/철도차량,자동차,승용자동차,126.8980669,37.5405205
2023-08-28 11:43,0:04:00,4.3,1.4,0,0,양평동5가,가연물 근접방치,주거,공동주택,아파트,126.89079,37.5381329
2022-03-19 5:37,0:04:49,4.0,0.9,0,0,양평동5가,접촉불량에 의한 단락,판매/업무시설,판매시설,기타 판매시설,126.8920627,37.53852916
2022-09-07 5:46,0:01:26,4.5,2.0,0,0,양평동5가,음식물 조리중,산업시설,공장시설,그 밖의 공업,126.8903114,37.53919744
2021-02-27 12:17,0:02:20,3.7,1.2,0,0,양평동6가,담배꽁초,기타,도로,기타도로,126.8897102,37.5402087
2023-10-02 12:29,0:01:23,4.5,1.6,0,0,양평동6가,미상,자동차/철도차량,자동차,버스,126.8897829,37.54025508
2023-01-22 7:06,0:02:33,4.5,1.0,0,0,양평동5가,음식물 조리중,주거,공동주택,아파트,126.8917458,37.54028033
2021-04-13 5:41,0:03:58,4.7,1.0,0,0,양평동5가,과열/ 과부하,자동차/철도차량,자동차,화물자동차,126.8917458,37.54028033
2022-09-07 18:01,0:04:36,3.2,1.8,0,1,양평동6가,가연물 근접방치,판매/업무시설,일반업무,오피스텔,126.8904965,37.54087681
2022-08-09 19:23,0:03:15,4.2,1.3,0,0,양평동6가,절연열화에 의한 단락,교육시설,학교,기타 학교,126.8904578,37.54188742
2022-09-11 0:56,0:04:08,4.5,2.4,0,0,양평동6가,반단선,판매/업무시설,일반업무,오피스텔,126.8886064,37.5426574
2023-11-07 18:36,0:03:10,3.5,1.5,0,0,양평동4가,음식물 조리중,주거,공동주택,기타 공동주택,126.8950381,37.53861591
2022-02-20 18:39,0:03:16,3.6,1.8,0,0,양평동5가,과열/ 과부하,판매/업무시설,숙박시설,호텔,126.8930555,37.53867594
2023-06-26 1:20,0:04:53,3.6,1.8,0,0,양평동5가,기기(전기/ 기계 등) 사용.설치부주의,주거,공동주택,기타 공동주택,126.8941419,37.53897965
2023-05-28 12:44,0:04:22,3.8,0.7,0,0,양평동5가,음식물 조리중,주거,공동주택,주상복합아파트,126.89436,37.53901886
2023-11-14 22:55,0:04:32,3.6,1.1,0,0,양평동4가,음식물 조리중,생활서비스,일상서비스,고시원(원룸텔),126.8951679,37.53917122
2023-12-22 13:03,0:04:57,3.4,1.2,0,0,양평동5가,절연열화에 의한 단락,자동차/철도차량,자동차,화물자동차,126.8955167,37.54020299
2022-08-10 14:42,0:04:21,3.3,1.0,0,0,당산동,오일/연료누설,자동차/철도차량,자동차,화물자동차,126.8964208,37.54034759
2022-08-19 7:08,0:02:23,4.6,1.1,0,0,양평동5가,기타(전기적요인),산업시설,창고시설,창고/ 물품저장소,126.8955173,37.54064881
2023-10-07 8:33,0:03:28,4.9,1.7,0,0,양평동5가,절연열화에 의한 단락,주거,단독주택,단독주택,126.892604,37.54222583
2021-03-28 11:58,0:04:41,5.3,2.3,0,1,양화동,미상,판매/업무시설,판매시설,상점가,126.8933505,37.54450522
2023-06-07 23:10,0:04:04,4.2,2.3,0,0,양평동6가,음식물 조리중,판매/업무시설,일반업무,오피스텔,126.8886064,37.5426574
2021-04-11 13:53,0:02:57,4.2,1.4,0,0,양평동6가,담배꽁초,판매/업무시설,일반업무,오피스텔,126.8882115,37.54313581
2021-10-28 11:57,0:04:16,4.0,1.2,0,0,양화동,담배꽁초,자동차/철도차량,자동차,화물자동차,126.8870065,37.54370095
2023-11-04 14:43,0:09:36,5.5,3.5,0,0,양화동,오일/연료누설,자동차/철도차량,자동차,승용자동차,126.8870065,37.54370095
2021-09-13 15:15,0:04:59,4.0,2.5,0,0,양화동,담배꽁초,자동차/철도차량,자동차,화물자동차,126.8880305,37.5473631
2023-01-25 16:23,0:04:57,3.0,1.5,0,0,양화동,트래킹에 의한 단락,기타,야외,기타야외,126.8889002,37.5474522
2022-03-04 21:51,0:07:12,6.5,3.2,0,0,양화동,미상,기타,야외,기타야외,126.8877116,37.54790297
2022-11-12 20:52,0:05:01,5.7,4.0,0,0,양화동,금수성물질의 물과 접촉,기타,야외,쓰레기,126.8877116,37.54790297
2021-01-21 4:21,0:04:32,5.7,2.4,0,0,양화동,미상,자동차/철도차량,자동차,화물자동차,126.8877116,37.54790297
2023-06-25 19:28,0:05:38,6.9,3.8,0,2,양화동,방화의심,산업시설,위생시설,폐기물재활용시설,126.8877116,37.54790297
